INSERT INTO `Aircraft` (`TailNumber`, `Airline`, `Manufacture`, `Model`, `Capacity`, `StatusID`) VALUES
('131EV', 'DELTA AIR LINES INC', 'BOMBARDIER INC', 'CL600-2D24', 22, 3),
('132EV', 'DELTA AIR LINES INC', 'BOMBARDIER INC', 'CL600-2D24', 22, 2),
('133EV', 'DELTA AIR LINES INC', 'BOMBARDIER INC', 'CL600-2D24', 22, 3),
('135EV', 'DELTA AIR LINES INC', 'BOMBARDIER INC', 'CL600-2D24', 22, 0),
('136EV', 'DELTA AIR LINES INC', 'BOMBARDIER INC', 'CL600-2D24', 22, 2),
('137EV', 'DELTA AIR LINES INC', 'BOMBARDIER INC', 'CL600-2D24', 22, 4),
('138EV', 'DELTA AIR LINES INC', 'BOMBARDIER INC', 'CL600-2D24', 22, 3),
('13975', 'CONTINENTAL AIRLINES INC', 'EMBRAER', 'EMB-145LR', 55, 1),
('13978', 'CONTINENTAL AIRLINES INC', 'EMBRAER', 'EMB-145LR', 55, 1),
('13979', 'CONTINENTAL AIRLINES INC', 'EMBRAER', 'EMB-145LR', 55, 0),
('13988', 'CONTINENTAL AIRLINES INC', 'EMBRAER', 'EMB-145LR', 55, 3),
('13989', 'CONTINENTAL AIRLINES INC', 'EMBRAER', 'EMB-145LR', 55, 1),
('13990', 'CONTINENTAL AIRLINES INC', 'EMBRAER', 'EMB-145LR', 55, 0),
('13992', 'CONTINENTAL AIRLINES INC', 'EMBRAER', 'EMB-145LR', 55, 1),
('14931', 'CONTINENTAL AIRLINES INC', 'EMBRAER', 'EMB-145', 55, 3),
('14977', 'CONTINENTAL AIRLINES INC', 'EMBRAER', 'EMB-145LR', 55, 3),
('14991', 'CONTINENTAL AIRLINES INC', 'EMBRAER', 'EMB-145LR', 55, 4),
('14993', 'CONTINENTAL AIRLINES INC', 'EMBRAER', 'EMB-145LR', 55, 2),
('15980', 'CONTINENTAL AIRLINES INC', 'EMBRAER', 'EMB-145LR', 55, 1),
('15983', 'CONTINENTAL AIRLINES INC', 'EMBRAER', 'EMB-145LR', 55, 0),
('15986', 'CONTINENTAL AIRLINES INC', 'EMBRAER', 'EMB-145LR', 55, 2),
('16976', 'CONTINENTAL AIRLINES INC', 'EMBRAER', 'EMB-145LR', 55, 4),
('16981', 'CONTINENTAL AIRLINES INC', 'EMBRAER', 'EMB-145LR', 55, 2),
('16987', 'CONTINENTAL AIRLINES INC', 'EMBRAER', 'EMB-145LR', 55, 4),
('17984', 'CONTINENTAL AIRLINES INC', 'EMBRAER', 'EMB-145LR', 55, 2),
('18982', 'CONTINENTAL AIRLINES INC', 'EMBRAER', 'EMB-145LR', 55, 0),
('28341', 'DELTA AIR LINES INC', 'DOUGLAS', 'DC3-G202A', 32, 2),
('4460C', 'CONTINENTAL AIRLINES INC', 'CAMERON BALLOONS US', 'N-105', 6, 0),
('594SW', 'DELTA AIR LINES INC', 'BOMBARDIER INC', 'CL-600-2B19', 55, 2),
('595SW', 'DELTA AIR LINES INC', 'BOMBARDIER INC', 'CL-600-2B19', 55, 4),
('597SW', 'DELTA AIR LINES INC', 'BOMBARDIER INC', 'CL-600-2B19', 55, 3),
('601LR', 'DELTA AIR LINES INC', 'BOMBARDIER INC', 'CL600-2D24', 22, 1),
('602LR', 'DELTA AIR LINES INC', 'BOMBARDIER INC', 'CL600-2D24', 22, 2),
('604LR', 'DELTA AIR LINES INC', 'BOMBARDIER INC', 'CL600-2D24', 22, 1),
('605LR', 'DELTA AIR LINES INC', 'BOMBARDIER INC', 'CL600-2D24', 22, 0),
('606LR', 'DELTA AIR LINES INC', 'BOMBARDIER INC', 'CL600-2D24', 22, 0),
('607LR', 'DELTA AIR LINES INC', 'BOMBARDIER INC', 'CL600-2D24', 22, 3),
('61940', 'SOUTHWEST AIRLINES INC', 'CESSNA', '172M', 4, 0),
('720SW', 'DELTA AIR LINES INC', 'BOMBARDIER INC', 'CL-600-2B19', 55, 3),
('8791Q', 'SOUTHWEST AIRLINES INC', 'CESSNA', 'TU206G', 6, 3),
('8878', 'DELTA AIR LINES INC', 'CURTISS WRIGHT', 'TRAVEL AIR 6-B', 6, 3),
('901XJ', 'DELTA AIR LINES INC', 'BOMBARDIER INC', 'CL600-2D24', 22, 0),
('902XJ', 'DELTA AIR LINES INC', 'BOMBARDIER INC', 'CL600-2D24', 22, 0),
('903XJ', 'DELTA AIR LINES INC', 'BOMBARDIER INC', 'CL600-2D24', 22, 0),
('904XJ', 'DELTA AIR LINES INC', 'BOMBARDIER INC', 'CL600-2D24', 22, 1),
('905XJ', 'DELTA AIR LINES INC', 'BOMBARDIER INC', 'CL600-2D24', 22, 2),
('906XJ', 'DELTA AIR LINES INC', 'BOMBARDIER INC', 'CL600-2D24', 22, 0),
('907XJ', 'DELTA AIR LINES INC', 'BOMBARDIER INC', 'CL600-2D24', 22, 4),
('908XJ', 'DELTA AIR LINES INC', 'BOMBARDIER INC', 'CL600-2D24', 22, 3),
('909XJ', 'DELTA AIR LINES INC', 'BOMBARDIER INC', 'CL600-2D24', 22, 0),
('910XJ', 'DELTA AIR LINES INC', 'BOMBARDIER INC', 'CL600-2D24', 22, 1),
('912XJ', 'DELTA AIR LINES INC', 'BOMBARDIER INC', 'CL600-2D24', 22, 4),
('913XJ', 'DELTA AIR LINES INC', 'BOMBARDIER INC', 'CL600-2D24', 22, 1),
('914XJ', 'DELTA AIR LINES INC', 'BOMBARDIER INC', 'CL600-2D24', 22, 4),
('915XJ', 'DELTA AIR LINES INC', 'BOMBARDIER INC', 'CL600-2D24', 22, 3),
('916XJ', 'DELTA AIR LINES INC', 'BOMBARDIER INC', 'CL600-2D24', 22, 0),
('917XJ', 'DELTA AIR LINES INC', 'BOMBARDIER INC', 'CL600-2D24', 22, 1),
('918XJ', 'DELTA AIR LINES INC', 'BOMBARDIER INC', 'CL600-2D24', 22, 0),
('919XJ', 'DELTA AIR LINES INC', 'BOMBARDIER INC', 'CL600-2D24', 22, 3),
('920XJ', 'DELTA AIR LINES INC', 'BOMBARDIER INC', 'CL600-2D24', 22, 4),
('921XJ', 'DELTA AIR LINES INC', 'BOMBARDIER INC', 'CL600-2D24', 22, 4),
('922XJ', 'DELTA AIR LINES INC', 'BOMBARDIER INC', 'CL600-2D24', 22, 1),
('923XJ', 'DELTA AIR LINES INC', 'BOMBARDIER INC', 'CL600-2D24', 22, 4),
('924XJ', 'DELTA AIR LINES INC', 'BOMBARDIER INC', 'CL600-2D24', 22, 2),
('925XJ', 'DELTA AIR LINES INC', 'BOMBARDIER INC', 'CL600-2D24', 22, 4),
('926XJ', 'DELTA AIR LINES INC', 'BOMBARDIER INC', 'CL600-2D24', 22, 3),
('927XJ', 'DELTA AIR LINES INC', 'BOMBARDIER INC', 'CL600-2D24', 22, 0),
('928EV', 'DELTA AIR LINES INC', 'BOMBARDIER INC', 'CL-600-2B19', 55, 3),
('928XJ', 'DELTA AIR LINES INC', 'BOMBARDIER INC', 'CL600-2D24', 22, 4),
('929XJ', 'DELTA AIR LINES INC', 'BOMBARDIER INC', 'CL600-2D24', 22, 3),
('930EV', 'DELTA AIR LINES INC', 'BOMBARDIER INC', 'CL-600-2B19', 55, 4),
('930XJ', 'DELTA AIR LINES INC', 'BOMBARDIER INC', 'CL600-2D24', 22, 2),
('931XJ', 'DELTA AIR LINES INC', 'BOMBARDIER INC', 'CL600-2D24', 22, 2),
('932EV', 'DELTA AIR LINES INC', 'BOMBARDIER INC', 'CL-600-2B19', 55, 3),
('932XJ', 'DELTA AIR LINES INC', 'BOMBARDIER INC', 'CL600-2D24', 22, 1),
('933XJ', 'DELTA AIR LINES INC', 'BOMBARDIER INC', 'CL600-2D24', 22, 1),
('934EV', 'DELTA AIR LINES INC', 'BOMBARDIER INC', 'CL-600-2B19', 55, 4),
('934XJ', 'DELTA AIR LINES INC', 'BOMBARDIER INC', 'CL600-2D24', 22, 0),
('935EV', 'DELTA AIR LINES INC', 'BOMBARDIER INC', 'CL-600-2B19', 55, 4),
('935XJ', 'DELTA AIR LINES INC', 'BOMBARDIER INC', 'CL600-2D24', 22, 2),
('936XJ', 'DELTA AIR LINES INC', 'BOMBARDIER INC', 'CL600-2D24', 22, 1),
('937EV', 'DELTA AIR LINES INC', 'BOMBARDIER INC', 'CL-600-2B19', 55, 4),
('937XJ', 'DELTA AIR LINES INC', 'BOMBARDIER INC', 'CL600-2D24', 22, 4),
('954CA', 'DELTA AIR LINES INC', 'CANADAIR', 'CL-600-2B19', 55, 0),
('956CA', 'DELTA AIR LINES INC', 'CANADAIR', 'CL-600-2B19', 55, 0),
('957CA', 'DELTA AIR LINES INC', 'CANADAIR', 'CL-600-2B19', 55, 3),
('958CA', 'DELTA AIR LINES INC', 'CANADAIR', 'CL-600-2B19', 55, 4),
('959CA', 'DELTA AIR LINES INC', 'CANADAIR', 'CL-600-2B19', 55, 2),
('964CA', 'DELTA AIR LINES INC', 'CANADAIR', 'CL-600-2B19', 55, 4),
('966CA', 'DELTA AIR LINES INC', 'CANADAIR', 'CL-600-2B19', 55, 1),
('989CA', 'DELTA AIR LINES INC', 'CANADAIR', 'CL-600-2B19', 55, 4);



INSERT INTO `AircraftCapapcity` (`TotalCapacity`, `Business`, `FirstClass`, `Coach`, `windowSeatCount`, `isleCount`) VALUES
(4, 4, 0, 0, 4, 0),
(6, 6, 0, 0, 6, 0),
(22, 0, 10, 12, 10, 10),
(31, 6, 10, 15, 22, 22),
(55, 15, 20, 20, 22, 22);


INSERT INTO `Airports` (`Airport_Code`, `Airport_Name`, `Airport_City`, `State`) VALUES
('ABE', 'Lehigh Valley International', ' Allentown', ' PA'),
('ABI', 'Abilene Regional', ' Abilene', ' TX'),
('ABQ', 'Albuquerque International Sunport', ' Albuquerque', ' NM'),
('ABY', 'Southwest Georgia Regional', ' Albany', ' GA'),
('ACK', 'Nantucket Memorial', ' Nantucket', ' MA'),
('ACT', 'Waco Regional', ' Waco', ' TX'),
('ACV', 'Arcata', ' Arcata', ' CA'),
('ACY', 'Atlantic City International', ' Atlantic City', ' NJ'),
('ADQ', 'Kodiak', ' Kodiak', ' AK'),
('AEX', 'Alexandria Intl', ' Alexandria', ' LA'),
('AGS', 'Augusta Regional', ' Augusta', ' GA'),
('AKN', 'King Salmon', ' King Salmon', ' AK'),
('ALB', 'Albany International', ' Albany', ' NY'),
('ALO', 'Waterloo Municipal', ' Waterloo', ' IA'),
('AMA', 'Amarillo International', ' Amarillo', ' TX'),
('ANC', 'Ted Stevens Anchorage International', ' Anchorage', ' AK'),
('ANI', 'Aniak', ' Aniak', ' AK'),
('ATL', 'Hartsfield-Jackson Atlanta International', ' Atlanta', ' GA'),
('ATW', 'Outagamie County Regional', ' Appleton', ' WI'),
('AUS', 'Austin-Bergstrom International', ' Austin', ' TX'),
('AVL', 'Asheville Regional', ' Asheville', ' NC'),
('AVP', 'Wilkes-Barre/Scranton International', ' Scranton/Wilkes-Barre', ' PA'),
('AZO', 'Kalamazoo/Battle Creek International', ' Kalamazoo', ' MI'),
('BDL', 'Bradley International', ' Hartford', ' CT'),
('BET', 'Bethel', ' Bethel', ' AK'),
('BFL', 'Meadows Field', ' Bakersfield', ' CA'),
('BGM', 'Binghamton Regional', ' Binghamton', ' NY'),
('BGR', 'Bangor International', ' Bangor', ' ME'),
('BHM', 'Birmingham International', ' Birmingham', ' AL'),
('BIL', 'Billings Logan International', ' Billings', ' MT'),
('BIS', 'Bismarck Municipal', ' Bismarck', ' ND'),
('BMI', 'Central Illinois Regional', ' Bloomington', ' IL'),
('BNA', 'Nashville International', ' Nashville', ' TN'),
('BOI', 'Boise', ' Boise', ' ID'),
('BOS', 'Logan International', ' Boston', ' MA'),
('BPT', 'Southeast Texas Regional', ' Beaumont', ' TX'),
('BQK', 'Glynco Jetport', ' Brunswick', ' GA'),
('BQN', 'Rafael Hernandez', ' Aguadilla', ' PR'),
('BRO', 'Brownsville/South Padre Island International', ' Brownsville', ' TX'),
('BRW', 'Wiley Post-Will Rogers Memorial', ' Barrow', ' AK'),
('BTM', 'Bert Mooney', ' Butte', ' MT'),
('BTR', 'Baton Rouge Metropolitan', ' Baton Rouge', ' LA'),
('BTV', 'Burlington International', ' Burlington', ' VT'),
('BUF', 'Buffalo Niagra International', ' Buffalo', ' NY'),
('BUR', 'Bob Hope', ' Burbank', ' CA'),
('BWI', 'Baltimore/Washington International', ' Baltimore', ' MD'),
('BZN', 'Gallatin Field', ' Bozeman', ' MT'),
('CAE', 'Columbia Metropolitan', ' Columbia', ' SC'),
('CAK', 'Akron-Canton', ' Akron/Canton', ' OH'),
('CDC', 'Cedar City Regional', ' Cedar City', ' UT'),
('CDV', 'Cordova-Mile 13', ' Cordova', ' AK'),
('CEC', 'Jack Mc Namara Field', ' Crescent City', ' CA'),
('CHA', 'Lovell Field', ' Chattanooga', ' TN'),
('CHO', 'Charlottesville-Albemarle', ' Charlottesville', ' VA'),
('CHS', 'Charleston International', ' Charleston', ' SC'),
('CIC', 'Chico Muni', ' Chico', ' CA'),
('CID', 'The Eastern Iowa', ' Cedar Rapids', ' IA'),
('CLD', 'McClellan-Palomar', ' Carlsbad', ' CA'),
('CLE', 'Cleveland Hopkins International', ' Cleveland', ' OH'),
('CLL', 'Easterwood Field', ' College Station', ' TX'),
('CLT', 'Charlotte Douglas International', ' Charlotte', ' NC'),
('CMH', 'Port Columbus International', ' Columbus', ' OH'),
('CMI', 'University of Illinois-Willard', ' Champaign', ' IL'),
('COD', 'Yellowstone Regional', ' Cody', ' WY'),
('COS', 'Colorado Springs', ' Colorado Springs', ' CO'),
('CPR', 'Natrona County Intl', ' Casper', ' WY'),
('CRP', 'Corpus Christi International', ' Corpus Christi', ' TX'),
('CRW', 'Yeager', ' Charleston', ' WV'),
('CSG', 'Columbus Metropolitan', ' Columbus', ' GA'),
('CVG', 'Cincinnati/Northern Kentucky International', ' Cincinnati', ' OH'),
('DAB', 'Daytona Beach International', ' Daytona Beach', ' FL'),
('DAL', 'Dallas Love Field', ' Dallas/Ft. Worth', ' TX'),
('DAY', 'Dayton International', ' Dayton', ' OH'),
('DBQ', 'Dubuque Regional', ' Dubuque', ' IA'),
('DCA', 'Ronald Reagan Washington National', ' Washington', ' DC'),
('DEN', 'Denver International', ' Denver', ' CO'),
('DFW', 'Dallas/Ft.Worth International', ' Dallas/Ft. Worth', ' TX'),
('DHN', 'Dothan Regional', ' Dothan', ' AL'),
('DLG', 'Dillingham', ' Dillingham', ' AK'),
('DLH', 'Duluth International', ' Duluth', ' MN'),
('DRO', 'Durango-La Plata County', ' Durango', ' CO'),
('DSM', 'Des Moines International', ' Des Moines', ' IA'),
('DTW', 'Detroit Metropolitan Wayne County', ' Detroit', ' MI'),
('DUT', 'Dutch Harbor', ' Dutch Harbor', ' AK'),
('EFD', 'Ellington Field', ' Houston', ' TX'),
('EGE', 'Eagle County Regional', ' Eagle', ' CO'),
('EKO', 'Elko Regional', ' Elko', ' NV'),
('ELM', 'Elmira/Corning Regional', ' Elmira', ' NY'),
('ELP', 'El Paso International', ' El Paso', ' TX'),
('ERI', 'Erie International', ' Erie', ' PA'),
('EUG', 'Mahlon Sweet Field', ' Eugene', ' OR'),
('EVV', 'Evansville Regional', ' Evansville', ' IN'),
('EWR', 'Newark Liberty International', ' Newark', ' NJ'),
('EYW', 'Key West Intl', ' Key West', ' FL'),
('FAI', 'Fairbanks International', ' Fairbanks', ' AK'),
('FAR', 'Hector International', ' Fargo', ' ND'),
('FAT', 'Fresno Air Terminal', ' Fresno', ' CA'),
('FAY', 'Fayetteville', ' Fayetteville', ' NC'),
('FCA', 'Glacier Park International', ' Kalispell', ' MT'),
('FLL', 'Ft. Lauderdale-Hollywood International', ' Ft. Lauderdale', ' FL'),
('FLO', 'Florence Regional', ' Florence', ' SC'),
('FNT', 'Bishop International', ' Flint', ' MI'),
('FSD', 'Sioux Falls Regional', ' Sioux Falls', ' SD'),
('FSM', 'Fort Smith Muni', ' Fort Smith', ' AR'),
('FWA', 'Ft. Wayne International', ' Ft. Wayne', ' IN'),
('FYI', 'Fresno Yosemite International', ' Fresno', ' CA'),
('GEG', 'Spokane International', ' Spokane', ' WA'),
('GFK', 'Grand Forks International', ' Grand Forks', ' ND'),
('GGG', 'Gregg County', ' Longview', ' TX'),
('GJT', 'Walker Field', ' Grand Junction', ' CO'),
('GNV', 'Gainesville Regional', ' Gainesville', ' FL'),
('GPT', 'Gulfport-Biloxi International', ' Gulfport', ' MS'),
('GRB', 'Austin Straubel International', ' Green Bay', ' WI'),
('GRR', 'Gerald R. Ford International', ' Grand Rapids', ' MI'),
('GSO', 'Piedmont Triad International', ' Greensboro/High Point', ' NC'),
('GSP', 'Greenville-Spartanburg International', ' Greenville/Spartanburg', ' SC'),
('GST', 'Gustavus', ' Gustavus', ' AK'),
('GTF', 'Great Falls International', ' Great Falls', ' MT'),
('GTR', 'Golden Triangle Regional', ' Columbus', ' MS'),
('GUC', 'Gunnison County', ' Gunnison', ' CO'),
('GUM', 'Guam International', ' Tamuning', ' GU'),
('HDN', 'Yampa Valley', ' Steamboat Springs', ' CO'),
('HLN', 'Helena Regional', ' Helena', ' MT'),
('HNL', 'Honolulu International', ' Honolulu (Oahu)', ' HI'),
('HOU', 'William P Hobby', ' Houston', ' TX'),
('HPN', 'Westchester County', ' White Plains', ' NY'),
('HRL', 'Valley International', ' Harlingen', ' TX'),
('HSV', 'Huntsville International', ' Huntsville/Decatur', ' AL'),
('HTS', 'Tri-State', ' Huntington', ' WV'),
('HVN', 'Tweed-New Haven', ' New Haven', ' CT'),
('IAD', 'Washington Dulles International', ' Washington', ' DC'),
('IAH', 'George Bush Intercontinental', ' Houston', ' TX'),
('ICT', 'Wichita Mid-Continent', ' Wichita', ' KS'),
('IDA', 'Fanning Field', ' Idaho Falls', ' ID'),
('ILE', 'Killeen Muni', ' Killeen', ' TX'),
('ILM', 'New Hanover International', ' Wilmington', ' NC'),
('IND', 'Indianapolis International', ' Indianapolis', ' IN'),
('IPL', 'Imperial County', ' El Centro', ' CA'),
('ISP', 'Long Island MacArthur', ' Islip/Long Island', ' NY'),
('ITH', 'Tompkins County', ' Ithaca', ' NY'),
('ITO', 'Hilo International', ' Hilo (Hawaii)', ' HI'),
('IYK', 'Inyokern', ' Inyokern', ' CA'),
('JAC', 'Jackson Hole', ' Jackson', ' WY'),
('JAN', 'Jackson International', ' Jackson', ' MS'),
('JAX', 'Jacksonville International', ' Jacksonville', ' FL'),
('JFK', 'John F. Kennedy International', ' New York', ' NY'),
('JNU', 'Juneau International', ' Juneau', ' AK'),
('KOA', 'Kona International at Ke-Ahole', ' Kona (Hawaii)', ' HI'),
('KSM', 'St Mary''s Airport', ' St. Mary''s', ' AK'),
('KTN', 'Ketchikan International', ' Ketchikan', ' AK'),
('LAN', 'Capital City', ' Lansing', ' MI'),
('LAS', 'McCarran International', ' Las Vegas', ' NV'),
('LAW', 'Lawton-Fort Sill Regional', ' Lawton', ' OK'),
('LAX', 'Los Angeles International', ' Los Angeles', ' CA'),
('LBB', 'Lubbock International', ' Lubbock', ' TX'),
('LCH', 'Lake Charles Regional', ' Lake Charles', ' LA'),
('LEX', 'Blue Grass', ' Lexington/Frankfort', ' KY'),
('LFT', 'Lafayette Regional', ' Lafayette', ' LA'),
('LGA', 'LaGuardia', ' New York', ' NY'),
('LGB', 'Long Beach', ' Long Beach', ' CA'),
('LIH', 'Lihue', ' Kauai Island', ' HI'),
('LIT', 'Adams Field', ' Little Rock', ' AR'),
('LNK', 'Lincoln Municipal', ' Lincoln', ' NE'),
('LRD', 'Laredo Intl', ' Laredo', ' TX'),
('LSE', 'La Cross Municipal', ' La Crosse', ' WI'),
('LWB', 'Greenbrier Valley', ' Lewisburg', ' WV'),
('LYH', 'Lynchburg Reg. / Preston-Glenn Fld', ' Lynchburg', ' VA'),
('MAF', 'Midland International', ' Midland/Odessa', ' TX'),
('MBS', 'MBS International', ' Saginaw', ' MI'),
('MCI', 'Kansas City International', ' Kansas City', ' MO'),
('MCN', 'Middle Georgia Regional', ' Macon', ' GA'),
('MCO', 'Orlando International', ' Orlando', ' FL'),
('MDT', 'Harrisburg International', ' Harrisburg', ' PA'),
('MDW', 'Midway International', ' Chicago', ' IL'),
('MEI', 'Key Field', ' Meridian', ' MS'),
('MEM', 'Memphis International', ' Memphis', ' TN'),
('MFE', 'McAllen Miller International', ' Mission/Mcallen', ' TX'),
('MFR', 'Rogue Valley International-Medford', ' Medford', ' OR'),
('MGM', 'Montgomery Regional', ' Montgomery', ' AL'),
('MHT', 'Manchester', ' Manchester', ' NH'),
('MIA', 'Miami International', ' Miami', ' FL'),
('MKE', 'General Mitchell International', ' Milwaukee', ' WI'),
('MLB', 'Melbourne International', ' Melbourne', ' FL'),
('MLI', 'Quad-City International', ' Moline', ' IL'),
('MLU', 'Monroe Regional', ' Monroe', ' LA'),
('MOB', 'Mobile Regional', ' Mobile', ' AL'),
('MOD', 'Modesto City-County', ' Modesto', ' CA'),
('MOT', 'Minot International', ' Minot', ' ND'),
('MQT', 'VOR/DME - Marquette County', ' Marquette', ' MI'),
('MRY', 'Monterey Peninsula', ' Monterey', ' CA'),
('MSN', 'Dane County Regional', ' Madison', ' WI'),
('MSO', 'Missoula International', ' Missoula', ' MT'),
('MSP', 'Minneapolis-St Paul International', ' Minneapls/St Paul', ' MN'),
('MSY', 'Louis Armstrong New Orleans International', ' New Orleans', ' LA'),
('MTJ', 'Montrose Regional', ' Montrose', ' CO'),
('MYR', 'Myrtle Beach International', ' Myrtle Beach', ' SC'),
('OAJ', 'Albert J Ellis', ' Jacksonville', ' NC'),
('OAK', 'Oakland International', ' Oakland', ' CA'),
('OGD', 'Ogden-Hinckley', ' Ogden', ' UT'),
('OGG', 'Kahului', ' Kahului (Maui)', ' HI'),
('OKC', 'Will Rogers World', ' Oklahoma City', ' OK'),
('OMA', 'Eppley', ' Omaha', ' NE'),
('OME', 'Nome', ' Nome', ' AK'),
('ONT', 'Ontario International', ' Ontario', ' CA'),
('ORD', 'O''Hare International', ' Chicago', ' IL'),
('ORF', 'Norfolk International', ' Norfolk/Virginia Beach', ' VA'),
('OTZ', 'Ralph Wien Memorial', ' Kotzebue', ' AK'),
('OXR', 'Oxnard', ' Oxnard', ' CA'),
('PBI', 'Palm Beach International', ' West Palm Beach', ' FL'),
('PDX', 'Portland International', ' Portland', ' OR'),
('PFN', 'Panama City-Bay County International', ' Panama City', ' FL'),
('PHF', 'Newport News/Williamsburg International', ' Newport News', ' VA'),
('PHL', 'Philadelphia International', ' Philadelphia', ' PA'),
('PHX', 'Phoenix Sky Harbor International', ' Phoenix', ' AZ'),
('PIA', 'Greater Peoria Regional', ' Peoria', ' IL'),
('PIE', 'St Petersburg-Clearwater Intl', ' St. Petersburg', ' FL'),
('PIH', 'Pocatello Regional', ' Pocatello', ' ID'),
('PIT', 'Pittsburgh International', ' Pittsburgh', ' PA'),
('PNS', 'Pensacola Regional', ' Pensacola', ' FL'),
('PSC', 'Tri-Cities', ' Pasco', ' WA'),
('PSG', 'Petersburg James A. Johnson', ' Petersburg', ' AK'),
('PSP', 'Palm Springs International', ' Indio/Palm Springs', ' CA'),
('PVD', 'T. F. Green International', ' Providence', ' RI'),
('PVU', 'Provo Municipal', ' Provo', ' UT'),
('PWM', 'Portland International', ' Portland', ' ME'),
('RAP', 'Rapid City Regional', ' Rapid City', ' SD'),
('RDD', 'Redding Muni', ' Redding', ' CA'),
('RDM', 'Roberts Field', ' Redmond', ' OR'),
('RDU', 'Raleigh-Durham International', ' Raleigh/Durham', ' NC'),
('RIC', 'Richmond International', ' Richmond', ' VA'),
('RNO', 'Reno/Tahoe International', ' Reno', ' NV'),
('ROA', 'Roanoke Regional', ' Roanoke', ' VA'),
('ROC', 'Greater Rochester International', ' Rochester', ' NY'),
('RST', 'Rochester International', ' Rochester', ' MN'),
('RSW', 'Southwest Florida International', ' Ft. Myers', ' FL'),
('SAC', 'Sacramento Executive', ' Sacramento', ' CA'),
('SAN', 'San Diego International', ' San Diego', ' CA'),
('SAT', 'San Antonio International', ' San Antonio', ' TX'),
('SAV', 'Savannah/Hilton Head International', ' Savannah', ' GA'),
('SBA', 'Santa Barbara Municipal', ' Santa Barbara', ' CA'),
('SBN', 'South Bend Regional', ' South Bend', ' IN'),
('SBP', 'San Luis Obispo County', ' San Luis Obispo', ' CA'),
('SCC', 'Deadhorse', ' Deadhorse', ' AK'),
('SCE', 'University Park', ' State College', ' PA'),
('SDF', 'Louisville International', ' Louisville', ' KY'),
('SEA', 'Seattle-Tacoma International', ' Seattle', ' WA'),
('SFO', 'San Francisco International', ' San Francisco', ' CA'),
('SGF', 'Springfield-Branson Regional', ' Springfield', ' MO'),
('SGU', 'St. George Muni', ' St. George', ' UT'),
('SHV', 'Shreveport Regional', ' Shreveport', ' LA'),
('SIT', 'Sitka Rocky Gutierrez', ' Sitka', ' AK'),
('SJC', 'Norman Y. Mineta San Jose International', ' San Jose', ' CA'),
('SJT', 'San Angelo Regional / Mathis Field', ' San Angelo', ' TX'),
('SJU', 'Luis Munoz Marin International', ' San Juan', ' PR'),
('SLC', 'Salt Lake City International', ' Salt Lake City', ' UT'),
('SMF', 'Sacramento International', ' Sacramento', ' CA'),
('SMX', 'Santa Maria Public', ' Santa Maria', ' CA'),
('SNA', 'John Wayne', ' Orange County', ' CA'),
('SPN', 'Saipan International', ' Saipan', ' MP'),
('SPS', 'Sheppard AFB / Wichita Falls Muni', ' Wichita Falls', ' TX'),
('SRQ', 'Sarasota Bradenton International', ' Sarasota/Bradenton', ' FL'),
('STL', 'Lambert-St Louis International', ' St. Louis', ' MO'),
('STT', 'Cyril E. King', ' St. Thomas', ' VI'),
('STX', 'Henry E. Rholsen', ' St. Croix', ' VI'),
('SUN', 'Friedman Memorial', ' Hailey', ' ID'),
('SUX', 'Sioux Gateway', ' Sioux City', ' IA'),
('SWF', 'Stewart International', ' Newburgh', ' NY'),
('SYR', 'Syracuse Hancock International', ' Syracuse', ' NY'),
('TLH', 'Tallahassee Regional', ' Tallahassee', ' FL'),
('TOL', 'Toledo Express', ' Toledo', ' OH'),
('TPA', 'Tampa International', ' Tampa', ' FL'),
('TRI', 'Tri-Cities Regional', ' Bristol', ' TN'),
('TUL', 'Tulsa International', ' Tulsa', ' OK'),
('TUS', 'Tucson International', ' Tucson', ' AZ'),
('TVC', 'Cherry Capital', ' Traverse City', ' MI'),
('TWF', 'Joslin Field-Magic Valley Regional', ' Twin Falls', ' ID'),
('TXK', 'Texarkana Regional / Webb Field', ' Texarkana', ' AR'),
('TYR', 'Tyler Pounds Field', ' Tyler', ' TX'),
('TYS', 'McGhee Tyson', ' Knoxville', ' TN'),
('VCT', 'Victoria Regional', ' Victoria', ' TX'),
('VIS', 'Visalia Muni', ' Visalia', ' CA'),
('VLD', 'Valdosta Regional', ' Valdosta', ' GA'),
('VPS', 'Eglin Air Force Base', ' Valparaiso', ' FL'),
('WRG', 'Wrangell', ' Wrangell', ' AK'),
('XNA', 'Northwest Arkansas Regional', ' Fayetteville', ' AR'),
('YAK', 'Yakutat', ' Yakutat', ' AK'),
('YUM', 'Yuma Intl', ' Yuma', ' AZ');



INSERT INTO `Class` (`ClassID`, `ClassName`) VALUES
(1, 'First Class'),
(2, 'Business Class'),
(3, 'Economy Class');



INSERT INTO `Flights` (`FlightNumber`, `TailNumber`, `StatusID`, `DepartureTime`, `ArrivalTime`, `TimeStamp`, `destinationid`) VALUES
('NKS1069', '904XJ', 0, '2005-07-22 17:12:59', '2005-07-22 20:12:59', '2005-07-22 17:12:59', 23),
('NKS1169', '905XJ', 1, '2005-07-22 17:12:59', '2005-07-22 20:12:59', '2005-07-22 17:12:59', 160),
('NKS118', '906XJ', 2, '2005-07-22 17:12:59', '2005-07-22 20:12:59', '2005-07-22 17:12:59', 24),
('NKS146', '907XJ', 1, '2005-07-22 17:12:59', '2005-07-22 20:12:59', '2005-07-22 17:12:59', 117),
('NKS172', '908XJ', 0, '2005-07-22 17:12:59', '2005-07-22 20:12:59', '2005-07-22 17:12:59', 18),
('NKS185', '909XJ', 1, '2005-07-22 17:12:59', '2005-07-22 20:12:59', '2005-07-22 17:12:59', 169),
('NKS188', '910XJ', 2, '2005-07-22 17:12:59', '2005-07-22 20:12:59', '2005-07-22 17:12:59', 139),
('NKS209', '912XJ', 1, '2005-07-22 17:12:59', '2005-07-22 20:12:59', '2005-07-22 17:12:59', 11),
('NKS223', '913XJ', 0, '2005-07-22 17:12:59', '2005-07-22 20:12:59', '2005-07-22 17:12:59', 23),
('NKS245', '914XJ', 1, '2005-07-22 17:12:59', '2005-07-22 20:12:59', '2005-07-22 17:12:59', 36),
('NKS303', '915XJ', 1, '2005-07-22 17:12:59', '2005-07-22 20:12:59', '2005-07-22 17:12:59', 78),
('NKS315', '916XJ', 2, '2005-07-22 17:12:59', '2005-07-22 20:12:59', '2005-07-22 17:12:59', 85),
('NKS323', '917XJ', 1, '2005-07-22 17:12:59', '2005-07-22 20:12:59', '2005-07-22 17:12:59', 36),
('NKS342', '918XJ', 1, '2005-07-22 17:12:59', '2005-07-22 20:12:59', '2005-07-22 17:12:59', 76),
('NKS360', '919XJ', 1, '2005-07-22 17:12:59', '2005-07-22 20:12:59', '2005-07-22 17:12:59', 62),
('NKS372', '920XJ', 1, '2005-07-22 17:12:59', '2005-07-22 20:12:59', '2005-07-22 17:12:59', 41),
('NKS425', '921XJ', 2, '2005-07-22 17:12:59', '2005-07-22 20:12:59', '2005-07-22 17:12:59', 59),
('NKS443', '922XJ', 1, '2005-07-22 17:12:59', '2005-07-22 20:12:59', '2005-07-22 17:12:59', 22),
('NKS470', '923XJ', 1, '2005-07-22 17:12:59', '2005-07-22 20:12:59', '2005-07-22 17:12:59', 60),
('NKS500', '924XJ', 1, '2005-07-22 17:12:59', '2005-07-22 20:12:59', '2005-07-22 17:12:59', 10),
('SWA842', '903XJ', 1, '2005-07-22 17:12:59', '2005-07-22 20:12:59', '2005-07-22 17:12:59', 91),
('SWA848', '902XJ', 1, '2005-07-22 17:12:59', '2005-07-22 20:12:59', '2005-07-22 17:12:59', 37),
('SWA849', '901XJ', 0, '2005-07-22 17:12:59', '2005-07-22 20:12:59', '2005-07-22 17:12:59', 160),
('SWA853', '607LR', 1, '2005-07-22 17:12:59', '2005-07-22 20:12:59', '2005-07-22 17:12:59', 178),
('SWA868', '606LR', 2, '2005-07-22 17:12:59', '2005-07-22 20:12:59', '2005-07-22 17:12:59', 101),
('SWA870', '605LR', 1, '2005-07-22 17:12:59', '2005-07-22 20:12:59', '2005-07-22 17:12:59', 181),
('SWA874', '604LR', 1, '2005-07-22 17:12:59', '2005-07-22 20:12:59', '2005-07-22 17:12:59', 124),
('SWA895', '602LR', 1, '2005-07-22 17:12:59', '2005-07-22 20:12:59', '2005-07-22 17:12:59', 33),
('SWA900', '601LR', 1, '2005-07-22 17:12:59', '2005-07-22 20:12:59', '2005-07-22 17:12:59', 142),
('SWA9008', '138EV', 0, '2005-07-22 17:12:59', '2005-07-22 20:12:59', '2005-07-22 17:12:59', 13),
('SWA9010', '137EV', 1, '2005-07-22 17:12:59', '2005-07-22 20:12:59', '2005-07-22 17:12:59', 86),
('SWA904', '136EV', 1, '2005-07-22 17:12:59', '2005-07-22 20:12:59', '2005-07-22 17:12:59', 178),
('SWA907', '135EV', 1, '2005-07-22 17:12:59', '2005-07-22 20:12:59', '2005-07-22 17:12:59', 48);


INSERT INTO `Flight_Status` (`StatusID`, `Status`) VALUES
(0, 'Canceled'),
(1, 'OnTime'),
(2, 'Delayed'),
(3, 'Broken'),
(4, 'Working');



INSERT INTO `Payment_Info` (`CreditCardNo`, `ExpirationMonth`, `ExpirationYear`, `CVCCode`, `PaymentID`, `UUID`) VALUES
(0, 0, 0, 0, 0, 0),
(2147483647, 8, 2016, 217, 1, 1354073766),
(2147483647, 3, 2018, 329, 2, 1354073766),
(2147483647, 2, 2016, 265, 3, 1354073766),
(2147483647, 7, 2019, 713, 4, 1354073766),
(2147483647, 12, 2016, 492, 5, 1354073766),
(2147483647, 5, 2016, 107, 6, 1354073766),
(2147483647, 11, 2018, 104, 7, 1354073766),
(2147483647, 12, 2019, 713, 8, 1354073766),
(2147483647, 4, 2016, 433, 9, 1354073766),
(2147483647, 4, 2018, 262, 10, 1354073766),
(2147483647, 3, 2019, 605, 11, 1354073766),
(2147483647, 12, 2018, 735, 12, 1354073766),
(2147483647, 9, 2016, 410, 13, 1354073766),
(2147483647, 5, 2019, 413, 14, 1354073766),
(2147483647, 1, 2019, 963, 15, 1354073766),
(2147483647, 1, 2017, 748, 16, 1354073766),
(2147483647, 7, 2019, 841, 17, 1354073766),
(2147483647, 6, 2017, 346, 18, 1354073766),
(2147483647, 8, 2016, 153, 19, 1354073766),
(2147483647, 10, 2016, 448, 20, 1354073766),
(2147483647, 6, 2016, 825, 21, 1354073766),
(2147483647, 5, 2016, 597, 22, 1354073766),
(2147483647, 10, 2018, 906, 23, 1354073766),
(2147483647, 12, 2019, 334, 24, 1354073766),
(2147483647, 8, 2016, 218, 25, 1354073766),
(2147483647, 9, 2019, 629, 26, 1354073766),
(2147483647, 5, 2016, 178, 27, 1354073766),
(2147483647, 8, 2019, 266, 28, 1354073766),
(2147483647, 12, 2016, 864, 29, 1354073766),
(2147483647, 7, 2016, 715, 30, 1354073766),
(2147483647, 12, 2016, 723, 31, 1354073766),
(2147483647, 3, 2019, 330, 32, 1354073766),
(2147483647, 11, 2017, 188, 33, 1354073766),
(2147483647, 3, 2019, 259, 34, 1354073766),
(2147483647, 10, 2017, 804, 35, 1354073766),
(2147483647, 7, 2017, 263, 36, 1354073766),
(2147483647, 4, 2017, 976, 37, 1354073766),
(2147483647, 6, 2018, 338, 38, 1354073766),
(2147483647, 11, 2019, 650, 39, 1354073766),
(2147483647, 4, 2019, 699, 40, 1354073766),
(2147483647, 3, 2016, 534, 41, 1354073766),
(2147483647, 4, 2016, 655, 42, 1354073766),
(2147483647, 6, 2016, 520, 43, 1354073766),
(2147483647, 11, 2019, 703, 44, 1354073766),
(2147483647, 3, 2019, 164, 45, 1354073766),
(2147483647, 1, 2017, 782, 46, 1354073766),
(2147483647, 4, 2018, 147, 47, 1354073766),
(2147483647, 9, 2016, 617, 48, 1354073766),
(2147483647, 7, 2016, 623, 49, 1354073766),
(2147483647, 11, 2017, 940, 50, 1354073766),
(2147483647, 11, 2017, 622, 51, 1354073766),
(2147483647, 5, 2016, 589, 52, 1354073766),
(2147483647, 6, 2018, 715, 53, 1354073766),
(2147483647, 6, 2017, 234, 54, 1354073766),
(2147483647, 11, 2017, 689, 55, 1354073766),
(2147483647, 9, 2016, 535, 56, 1354073766),
(2147483647, 2, 2019, 663, 57, 1354073766),
(2147483647, 7, 2018, 812, 58, 1354073766),
(2147483647, 11, 2018, 196, 59, 1354073766),
(2147483647, 10, 2019, 931, 60, 1354073766),
(2147483647, 2, 2017, 469, 61, 1354073766),
(2147483647, 10, 2019, 983, 62, 1354073766),
(2147483647, 11, 2017, 367, 63, 1354073766),
(2147483647, 4, 2018, 294, 64, 1354073766),
(2147483647, 6, 2018, 784, 65, 1354073766),
(2147483647, 9, 2019, 322, 66, 1354073766),
(2147483647, 4, 2018, 624, 67, 1354073766),
(2147483647, 7, 2019, 806, 68, 1354073766),
(2147483647, 1, 2019, 496, 69, 1354073766),
(2147483647, 7, 2018, 224, 70, 1354073766),
(2147483647, 6, 2016, 391, 71, 1354073766),
(2147483647, 5, 2019, 336, 72, 1354073766),
(2147483647, 2, 2017, 301, 73, 1354073766),
(2147483647, 11, 2016, 990, 74, 1354073766),
(2147483647, 8, 2017, 352, 75, 1354073766),
(2147483647, 5, 2016, 347, 76, 1354073766),
(2147483647, 10, 2016, 630, 77, 1354073766),
(2147483647, 1, 2017, 668, 78, 1354073766),
(2147483647, 3, 2016, 516, 79, 1354073766),
(2147483647, 4, 2019, 754, 80, 1354073766),
(2147483647, 10, 2018, 172, 81, 1354073766),
(2147483647, 9, 2016, 656, 82, 1354073766),
(2147483647, 4, 2016, 544, 83, 1354073766),
(2147483647, 9, 2018, 559, 84, 1354073766),
(2147483647, 7, 2018, 867, 85, 1354073766),
(2147483647, 5, 2018, 840, 86, 1354073766),
(2147483647, 11, 2016, 573, 87, 1354073766),
(2147483647, 11, 2018, 133, 88, 1354073766),
(2147483647, 10, 2018, 801, 89, 1354073766),
(2147483647, 6, 2016, 505, 90, 1354073766),
(2147483647, 1, 2019, 541, 91, 1354073766),
(2147483647, 8, 2016, 524, 92, 1354073766),
(2147483647, 6, 2019, 908, 93, 1354073766),
(2147483647, 7, 2019, 124, 94, 1354073766),
(2147483647, 12, 2018, 779, 95, 1354073766),
(2147483647, 10, 2017, 923, 96, 1354073766),
(2147483647, 7, 2018, 792, 97, 1354073766),
(2147483647, 10, 2017, 606, 98, 1354073766),
(2147483647, 7, 2016, 250, 99, 1354073766),
(2147483647, 1, 2018, 823, 100, 1354073766),
(2147483647, 3, 2019, 658, 101, 1354073766),
(2147483647, 11, 2019, 790, 102, 1354073766),
(2147483647, 3, 2018, 786, 103, 1354073766),
(2147483647, 9, 2017, 752, 104, 1354073766),
(2147483647, 8, 2019, 757, 105, 1354073766),
(2147483647, 3, 2018, 513, 106, 1354073766),
(2147483647, 5, 2018, 952, 107, 1354073766),
(2147483647, 9, 2017, 207, 108, 1354073766),
(2147483647, 7, 2016, 925, 109, 1354073766),
(2147483647, 6, 2018, 613, 110, 1354073766),
(2147483647, 6, 2018, 581, 111, 1354073766),
(2147483647, 10, 2016, 644, 112, 1354073766),
(2147483647, 8, 2019, 691, 113, 1354073766),
(2147483647, 4, 2018, 604, 114, 1354073766),
(2147483647, 4, 2019, 536, 115, 1354073766),
(2147483647, 11, 2018, 520, 116, 1354073766),
(2147483647, 8, 2019, 414, 117, 1354073766),
(2147483647, 10, 2019, 539, 118, 1354073766),
(2147483647, 9, 2016, 839, 119, 1354073766),
(2147483647, 10, 2019, 244, 120, 1354073766),
(2147483647, 9, 2016, 116, 121, 1354073766),
(2147483647, 10, 2016, 171, 122, 1354073766),
(2147483647, 4, 2018, 341, 123, 1354073766),
(2147483647, 7, 2017, 901, 124, 1354073766),
(2147483647, 7, 2017, 307, 125, 1354073766),
(2147483647, 5, 2018, 963, 126, 1354073766),
(2147483647, 8, 2019, 277, 127, 1354073766),
(2147483647, 5, 2016, 835, 128, 1354073766),
(2147483647, 3, 2017, 274, 129, 1354073766),
(2147483647, 8, 2016, 988, 130, 1354073766),
(2147483647, 11, 2016, 766, 131, 1354073766),
(2147483647, 10, 2019, 678, 132, 1354073766),
(2147483647, 2, 2019, 352, 133, 1354073766),
(2147483647, 8, 2016, 330, 134, 1354073766),
(2147483647, 3, 2017, 545, 135, 1354073766),
(2147483647, 9, 2019, 134, 136, 1354073766),
(2147483647, 12, 2017, 124, 137, 1354073766),
(2147483647, 12, 2017, 889, 138, 1354073766),
(2147483647, 6, 2018, 190, 139, 1354073766),
(2147483647, 11, 2017, 256, 140, 1354073766),
(2147483647, 3, 2016, 870, 141, 1354073766),
(2147483647, 3, 2016, 224, 142, 1354073766),
(2147483647, 2, 2016, 707, 143, 1354073766),
(2147483647, 2, 2016, 169, 144, 1354073766),
(2147483647, 2, 2019, 520, 145, 1354073766),
(2147483647, 9, 2018, 646, 146, 1354073766),
(2147483647, 5, 2019, 251, 147, 1354073766),
(2147483647, 6, 2018, 718, 148, 1354073766),
(2147483647, 10, 2019, 256, 149, 1354073766),
(2147483647, 3, 2017, 802, 150, 1354073766),
(2147483647, 2, 2016, 807, 151, 1354073766),
(2147483647, 1, 2018, 694, 152, 1354073766),
(2147483647, 10, 2016, 381, 153, 1354073766),
(2147483647, 9, 2017, 972, 154, 1354073766),
(2147483647, 4, 2016, 971, 155, 1354073766),
(2147483647, 7, 2019, 417, 156, 1354073766),
(2147483647, 4, 2019, 153, 157, 1354073766),
(2147483647, 5, 2016, 625, 158, 1354073766),
(2147483647, 7, 2017, 484, 159, 1354073766),
(2147483647, 6, 2018, 164, 160, 1354073766),
(2147483647, 11, 2016, 956, 161, 1354073766),
(2147483647, 8, 2018, 265, 162, 1354073766),
(2147483647, 2, 2019, 471, 163, 1354073766),
(2147483647, 12, 2019, 148, 164, 1354073766),
(2147483647, 12, 2019, 655, 165, 1354073766),
(2147483647, 9, 2019, 733, 166, 1354073766),
(2147483647, 9, 2016, 891, 167, 1354073766),
(2147483647, 6, 2016, 327, 168, 1354073766),
(2147483647, 11, 2016, 433, 169, 1354073766),
(2147483647, 12, 2017, 520, 170, 1354073766),
(2147483647, 2, 2018, 798, 171, 1354073766),
(2147483647, 8, 2018, 105, 172, 1354073766),
(2147483647, 10, 2019, 246, 173, 1354073766),
(2147483647, 1, 2016, 311, 174, 1354073766),
(2147483647, 5, 2017, 719, 175, 1354073766),
(2147483647, 1, 2019, 903, 176, 1354073766),
(2147483647, 8, 2016, 414, 177, 1354073766),
(2147483647, 10, 2016, 581, 178, 1354073766),
(2147483647, 12, 2017, 962, 179, 1354073766),
(2147483647, 6, 2018, 219, 180, 1354073766),
(2147483647, 8, 2016, 917, 181, 1354073766),
(2147483647, 3, 2018, 474, 182, 1354073766),
(2147483647, 10, 2019, 870, 183, 1354073766),
(2147483647, 2, 2018, 552, 184, 1354073766),
(2147483647, 9, 2017, 624, 185, 1354073766),
(2147483647, 3, 2017, 482, 186, 1354073766),
(2147483647, 12, 2019, 265, 187, 1354073766),
(2147483647, 2, 2017, 648, 188, 1354073766),
(2147483647, 3, 2016, 662, 189, 1354073766),
(2147483647, 9, 2016, 379, 190, 1354073766),
(2147483647, 10, 2019, 231, 191, 1354073766),
(2147483647, 4, 2019, 315, 192, 1354073766),
(2147483647, 7, 2018, 775, 193, 1354073766),
(2147483647, 5, 2019, 336, 194, 1354073766),
(2147483647, 3, 2018, 841, 195, 1354073766),
(2147483647, 8, 2019, 992, 196, 1354073766),
(2147483647, 7, 2019, 422, 197, 1354073766),
(2147483647, 12, 2018, 699, 198, 1354073766),
(2147483647, 7, 2018, 375, 199, 1354073766),
(2147483647, 4, 2018, 307, 200, 1354073766),
(2147483647, 6, 2017, 315, 201, 1354073766),
(2147483647, 1, 2019, 189, 202, 1354073766),
(2147483647, 4, 2016, 169, 203, 1354073766),
(2147483647, 6, 2019, 224, 204, 1354073766),
(2147483647, 7, 2016, 601, 205, 1354073766),
(2147483647, 3, 2019, 744, 206, 1354073766),
(2147483647, 2, 2017, 877, 207, 1354073766),
(2147483647, 5, 2016, 799, 208, 1354073766),
(2147483647, 6, 2019, 831, 209, 1354073766),
(2147483647, 5, 2016, 691, 210, 1354073766),
(2147483647, 1, 2018, 547, 211, 1354073766),
(2147483647, 2, 2017, 422, 212, 1354073766),
(2147483647, 12, 2018, 427, 213, 1354073766),
(2147483647, 7, 2016, 857, 214, 1354073766),
(2147483647, 7, 2016, 298, 215, 1354073766),
(2147483647, 7, 2019, 369, 216, 1354073766),
(2147483647, 1, 2017, 830, 217, 1354073766),
(2147483647, 7, 2016, 292, 218, 1354073766),
(2147483647, 7, 2018, 580, 219, 1354073766),
(2147483647, 3, 2018, 606, 220, 1354073766),
(2147483647, 10, 2019, 434, 221, 1354073766),
(2147483647, 12, 2018, 339, 222, 1354073766),
(2147483647, 9, 2018, 482, 223, 1354073766),
(2147483647, 9, 2017, 943, 224, 1354073766),
(2147483647, 1, 2016, 150, 225, 1354073766),
(2147483647, 5, 2019, 604, 226, 1354073766),
(2147483647, 12, 2018, 132, 227, 1354073766),
(2147483647, 1, 2016, 290, 228, 1354073766),
(2147483647, 5, 2018, 858, 229, 1354073766),
(2147483647, 7, 2019, 477, 230, 1354073766),
(2147483647, 8, 2017, 664, 231, 1354073766),
(2147483647, 6, 2018, 191, 232, 1354073766),
(2147483647, 7, 2019, 197, 233, 1354073766),
(2147483647, 2, 2018, 636, 234, 1354073766),
(2147483647, 7, 2016, 255, 235, 1354073766),
(2147483647, 4, 2016, 516, 236, 1354073766),
(2147483647, 5, 2016, 189, 237, 1354073766),
(2147483647, 3, 2018, 675, 238, 1354073766),
(2147483647, 6, 2019, 458, 239, 1354073766),
(2147483647, 2, 2017, 614, 240, 1354073766),
(2147483647, 7, 2017, 153, 241, 1354073766),
(2147483647, 12, 2018, 118, 242, 1354073766),
(2147483647, 6, 2019, 330, 243, 1354073766),
(2147483647, 2, 2017, 592, 244, 1354073766),
(2147483647, 7, 2016, 339, 245, 1354073766),
(2147483647, 12, 2016, 249, 246, 1354073766),
(2147483647, 4, 2017, 770, 247, 1354073766),
(2147483647, 3, 2016, 495, 248, 1354073766),
(2147483647, 2, 2016, 115, 249, 1354073766),
(2147483647, 3, 2018, 638, 250, 1354073766),
(2147483647, 4, 2018, 945, 251, 1354073766),
(2147483647, 6, 2019, 704, 252, 1354073766),
(2147483647, 4, 2016, 146, 253, 1354073766),
(2147483647, 9, 2017, 277, 254, 1354073766),
(2147483647, 12, 2019, 417, 255, 1354073766),
(2147483647, 4, 2018, 352, 256, 1354073766),
(2147483647, 8, 2017, 537, 257, 1354073766),
(2147483647, 1, 2019, 987, 258, 1354073766),
(2147483647, 6, 2018, 402, 259, 1354073766),
(2147483647, 11, 2016, 551, 260, 1354073766),
(2147483647, 10, 2018, 621, 261, 1354073766),
(2147483647, 1, 2016, 886, 262, 1354073766),
(2147483647, 3, 2016, 937, 263, 1354073766),
(2147483647, 11, 2016, 718, 264, 1354073766),
(2147483647, 6, 2018, 490, 265, 1354073766),
(2147483647, 12, 2016, 954, 266, 1354073766),
(2147483647, 11, 2019, 623, 267, 1354073766),
(2147483647, 1, 2019, 153, 268, 1354073766),
(2147483647, 12, 2016, 258, 269, 1354073766),
(2147483647, 7, 2019, 764, 270, 1354073766),
(2147483647, 8, 2017, 810, 271, 1354073766),
(2147483647, 7, 2019, 817, 272, 1354073766),
(2147483647, 11, 2018, 727, 273, 1354073766),
(2147483647, 2, 2018, 894, 274, 1354073766),
(2147483647, 8, 2016, 285, 275, 1354073766),
(2147483647, 4, 2016, 948, 276, 1354073766),
(2147483647, 1, 2019, 289, 277, 1354073766),
(2147483647, 5, 2017, 787, 278, 1354073766),
(2147483647, 8, 2018, 999, 279, 1354073766),
(2147483647, 4, 2018, 730, 280, 1354073766),
(2147483647, 5, 2016, 696, 281, 1354073766),
(2147483647, 6, 2019, 902, 282, 1354073766),
(2147483647, 6, 2019, 781, 283, 1354073766),
(2147483647, 12, 2017, 916, 284, 1354073766),
(2147483647, 3, 2017, 862, 285, 1354073766),
(2147483647, 3, 2016, 894, 286, 1354073766),
(2147483647, 8, 2019, 628, 287, 1354073766),
(2147483647, 2, 2018, 146, 288, 1354073766),
(2147483647, 7, 2016, 217, 289, 1354073766),
(2147483647, 1, 2017, 376, 290, 1354073766),
(2147483647, 2, 2018, 504, 291, 1354073766),
(2147483647, 2, 2018, 852, 292, 1354073766),
(2147483647, 10, 2016, 684, 293, 1354073766),
(2147483647, 5, 2017, 986, 294, 1354073766),
(2147483647, 5, 2019, 270, 295, 1354073766),
(2147483647, 12, 2018, 995, 296, 1354073766),
(2147483647, 4, 2018, 106, 297, 1354073766),
(2147483647, 2, 2016, 400, 298, 1354073766),
(2147483647, 3, 2016, 504, 299, 1354073766),
(2147483647, 4, 2016, 891, 300, 1354073766),
(2147483647, 6, 2016, 567, 301, 1354073766),
(2147483647, 8, 2019, 139, 302, 1354073766),
(2147483647, 11, 2016, 678, 303, 1354073766),
(2147483647, 1, 2017, 807, 304, 1354073766),
(2147483647, 4, 2016, 320, 305, 1354073766),
(2147483647, 11, 2016, 147, 306, 1354073766),
(2147483647, 4, 2018, 557, 307, 1354073766),
(2147483647, 5, 2016, 702, 308, 1354073766),
(2147483647, 6, 2019, 335, 309, 1354073766),
(2147483647, 10, 2016, 328, 310, 1354073766),
(2147483647, 3, 2019, 185, 311, 1354073766),
(2147483647, 4, 2016, 992, 312, 1354073766),
(2147483647, 5, 2019, 576, 313, 1354073766),
(2147483647, 9, 2018, 447, 314, 1354073766),
(2147483647, 11, 2018, 707, 315, 1354073766),
(2147483647, 5, 2019, 370, 316, 1354073766),
(2147483647, 2, 2019, 814, 317, 1354073766),
(2147483647, 5, 2019, 916, 318, 1354073766),
(2147483647, 2, 2019, 139, 319, 1354073766),
(2147483647, 10, 2019, 778, 320, 1354073766),
(2147483647, 10, 2016, 889, 321, 1354073766),
(2147483647, 10, 2017, 538, 322, 1354073766),
(2147483647, 11, 2016, 586, 323, 1354073766),
(2147483647, 5, 2018, 767, 324, 1354073766),
(2147483647, 3, 2016, 241, 325, 1354073766),
(2147483647, 11, 2019, 521, 326, 1354073766),
(2147483647, 3, 2017, 273, 327, 1354073766),
(2147483647, 1, 2019, 648, 328, 1354073766),
(2147483647, 12, 2018, 433, 329, 1354073766),
(2147483647, 8, 2017, 612, 330, 1354073766),
(2147483647, 7, 2018, 523, 331, 1354073766),
(2147483647, 12, 2017, 285, 332, 1354073766),
(2147483647, 10, 2017, 627, 333, 1354073766),
(2147483647, 12, 2017, 917, 334, 1354073766),
(2147483647, 7, 2018, 378, 335, 1354073766),
(2147483647, 4, 2017, 649, 336, 1354073766),
(2147483647, 2, 2018, 817, 337, 1354073766),
(2147483647, 2, 2019, 244, 338, 1354073766),
(2147483647, 4, 2018, 238, 339, 1354073766),
(2147483647, 1, 2019, 603, 340, 1354073766),
(2147483647, 3, 2016, 958, 341, 1354073766),
(2147483647, 1, 2016, 610, 342, 1354073766),
(2147483647, 2, 2019, 458, 343, 1354073766),
(2147483647, 7, 2018, 739, 344, 1354073766),
(2147483647, 11, 2017, 853, 345, 1354073766),
(2147483647, 4, 2017, 481, 346, 1354073766),
(2147483647, 11, 2016, 437, 347, 1354073766),
(2147483647, 9, 2019, 485, 348, 1354073766),
(2147483647, 11, 2019, 334, 349, 1354073766),
(2147483647, 3, 2017, 484, 350, 1354073766),
(2147483647, 3, 2017, 398, 351, 1354073766),
(2147483647, 10, 2018, 478, 352, 1354073766),
(2147483647, 5, 2016, 369, 353, 1354073766),
(2147483647, 7, 2018, 192, 354, 1354073766),
(2147483647, 5, 2016, 477, 355, 1354073766),
(2147483647, 2, 2017, 232, 356, 1354073766),
(2147483647, 7, 2019, 165, 357, 1354073766),
(2147483647, 10, 2016, 418, 358, 1354073766),
(2147483647, 9, 2018, 150, 359, 1354073766),
(2147483647, 4, 2017, 877, 360, 1354073766),
(2147483647, 10, 2016, 751, 361, 1354073766),
(2147483647, 4, 2019, 678, 362, 1354073766),
(2147483647, 5, 2016, 973, 363, 1354073766),
(2147483647, 12, 2019, 919, 364, 1354073766),
(2147483647, 10, 2019, 742, 365, 1354073766),
(2147483647, 9, 2018, 245, 366, 1354073766),
(2147483647, 2, 2017, 639, 367, 1354073766),
(2147483647, 3, 2018, 420, 368, 1354073766),
(2147483647, 8, 2017, 833, 369, 1354073766),
(2147483647, 10, 2019, 730, 370, 1354073766),
(2147483647, 4, 2019, 217, 371, 1354073766),
(2147483647, 12, 2018, 396, 372, 1354073766),
(2147483647, 11, 2018, 218, 373, 1354073766),
(2147483647, 4, 2019, 697, 374, 1354073766),
(2147483647, 10, 2019, 718, 375, 1354073766),
(2147483647, 11, 2019, 605, 376, 1354073766),
(2147483647, 10, 2018, 469, 377, 1354073766),
(2147483647, 7, 2017, 266, 378, 1354073766),
(2147483647, 4, 2018, 729, 379, 1354073766),
(2147483647, 9, 2017, 852, 380, 1354073766),
(2147483647, 7, 2019, 827, 381, 1354073766),
(2147483647, 8, 2017, 695, 382, 1354073766),
(2147483647, 12, 2018, 993, 383, 1354073766),
(2147483647, 12, 2017, 850, 384, 1354073766),
(2147483647, 4, 2018, 851, 385, 1354073766),
(2147483647, 8, 2016, 369, 386, 1354073766),
(2147483647, 8, 2019, 618, 387, 1354073766),
(2147483647, 6, 2017, 593, 388, 1354073766),
(2147483647, 7, 2018, 755, 389, 1354073766),
(2147483647, 9, 2018, 755, 390, 1354073766),
(2147483647, 4, 2017, 193, 391, 1354073766),
(2147483647, 11, 2016, 577, 392, 1354073766),
(2147483647, 5, 2019, 130, 393, 1354073766),
(2147483647, 12, 2017, 770, 394, 1354073766),
(2147483647, 5, 2016, 522, 395, 1354073766),
(2147483647, 7, 2017, 379, 396, 1354073766),
(2147483647, 7, 2019, 350, 397, 1354073766),
(2147483647, 7, 2017, 655, 398, 1354073766),
(2147483647, 3, 2018, 814, 399, 1354073766),
(2147483647, 6, 2017, 623, 400, 1354073766),
(2147483647, 3, 2017, 537, 401, 1354073766),
(2147483647, 12, 2017, 256, 402, 1354073766),
(2147483647, 3, 2019, 968, 403, 1354073766),
(2147483647, 11, 2016, 334, 404, 1354073766),
(2147483647, 7, 2016, 308, 405, 1354073766),
(2147483647, 8, 2017, 756, 406, 1354073766),
(2147483647, 10, 2016, 969, 407, 1354073766),
(2147483647, 8, 2017, 821, 408, 1354073766),
(2147483647, 2, 2018, 963, 409, 1354073766),
(2147483647, 11, 2018, 747, 410, 1354073766),
(2147483647, 6, 2019, 472, 411, 1354073766),
(2147483647, 8, 2018, 423, 412, 1354073766),
(2147483647, 5, 2016, 958, 413, 1354073766),
(2147483647, 3, 2017, 454, 414, 1354073766),
(2147483647, 1, 2018, 785, 415, 1354073766),
(2147483647, 11, 2017, 829, 416, 1354073766),
(2147483647, 2, 2019, 776, 417, 1354073766),
(2147483647, 2, 2019, 165, 418, 1354073766),
(2147483647, 3, 2017, 479, 419, 1354073766),
(2147483647, 6, 2018, 939, 420, 1354073766),
(2147483647, 6, 2017, 411, 421, 1354073766),
(2147483647, 1, 2018, 929, 422, 1354073766),
(2147483647, 1, 2019, 133, 423, 1354073766),
(2147483647, 3, 2018, 649, 424, 1354073766),
(2147483647, 3, 2016, 142, 425, 1354073766),
(2147483647, 1, 2018, 188, 426, 1354073766),
(2147483647, 6, 2019, 928, 427, 1354073766),
(2147483647, 7, 2016, 798, 428, 1354073766),
(2147483647, 1, 2017, 947, 429, 1354073766),
(2147483647, 1, 2019, 990, 430, 1354073766),
(2147483647, 5, 2019, 363, 431, 1354073766),
(2147483647, 9, 2019, 479, 432, 1354073766),
(2147483647, 10, 2016, 647, 433, 1354073766),
(2147483647, 8, 2018, 683, 434, 1354073766),
(2147483647, 7, 2019, 226, 435, 1354073766),
(2147483647, 9, 2016, 739, 436, 1354073766),
(2147483647, 12, 2019, 376, 437, 1354073766),
(2147483647, 8, 2016, 459, 438, 1354073766),
(2147483647, 11, 2018, 749, 439, 1354073766),
(2147483647, 6, 2018, 734, 440, 1354073766),
(2147483647, 7, 2018, 295, 441, 1354073766),
(2147483647, 5, 2017, 414, 442, 1354073766),
(2147483647, 7, 2018, 270, 443, 1354073766),
(2147483647, 1, 2018, 959, 444, 1354073766),
(2147483647, 1, 2017, 542, 445, 1354073766),
(2147483647, 1, 2017, 310, 446, 1354073766),
(2147483647, 5, 2019, 119, 447, 1354073766),
(2147483647, 8, 2016, 834, 448, 1354073766),
(2147483647, 2, 2018, 706, 449, 1354073766),
(2147483647, 3, 2018, 300, 450, 1354073766),
(2147483647, 1, 2019, 971, 451, 1354073766),
(2147483647, 3, 2017, 668, 452, 1354073766),
(2147483647, 9, 2016, 942, 453, 1354073766),
(2147483647, 2, 2017, 798, 454, 1354073766),
(2147483647, 2, 2017, 975, 455, 1354073766),
(2147483647, 4, 2017, 781, 456, 1354073766),
(2147483647, 8, 2017, 192, 457, 1354073766),
(2147483647, 7, 2018, 251, 458, 1354073766),
(2147483647, 6, 2017, 607, 459, 1354073766),
(2147483647, 3, 2019, 721, 460, 1354073766),
(2147483647, 8, 2018, 952, 461, 1354073766),
(2147483647, 10, 2017, 938, 462, 1354073766),
(2147483647, 12, 2017, 141, 463, 1354073766),
(2147483647, 3, 2016, 247, 464, 1354073766),
(2147483647, 1, 2017, 770, 465, 1354073766),
(2147483647, 10, 2018, 286, 466, 1354073766),
(2147483647, 7, 2017, 558, 467, 1354073766),
(2147483647, 11, 2018, 408, 468, 1354073766),
(2147483647, 5, 2017, 270, 469, 1354073766),
(2147483647, 3, 2018, 825, 470, 1354073766),
(2147483647, 6, 2019, 685, 471, 1354073766),
(2147483647, 8, 2018, 154, 472, 1354073766),
(2147483647, 8, 2017, 523, 473, 1354073766),
(2147483647, 2, 2017, 310, 474, 1354073766),
(2147483647, 7, 2018, 509, 475, 1354073766),
(2147483647, 3, 2016, 402, 476, 1354073766),
(2147483647, 4, 2018, 233, 477, 1354073766),
(2147483647, 6, 2019, 369, 478, 1354073766),
(2147483647, 3, 2017, 840, 479, 1354073766),
(2147483647, 11, 2016, 453, 480, 1354073766),
(2147483647, 5, 2018, 720, 481, 1354073766),
(2147483647, 5, 2016, 506, 482, 1354073766),
(2147483647, 7, 2019, 536, 483, 1354073766),
(2147483647, 8, 2016, 674, 484, 1354073766),
(2147483647, 9, 2017, 893, 485, 1354073766),
(2147483647, 5, 2018, 828, 486, 1354073766),
(2147483647, 3, 2017, 952, 487, 1354073766),
(2147483647, 2, 2017, 393, 488, 1354073766),
(2147483647, 1, 2016, 138, 489, 1354073766),
(2147483647, 7, 2016, 903, 490, 1354073766),
(2147483647, 3, 2017, 911, 491, 1354073766),
(2147483647, 6, 2018, 264, 492, 1354073766),
(2147483647, 5, 2019, 781, 493, 1354073766),
(2147483647, 1, 2016, 528, 494, 1354073766),
(2147483647, 5, 2019, 642, 495, 1354073766),
(2147483647, 6, 2017, 599, 496, 1354073766),
(2147483647, 1, 2018, 798, 497, 1354073766),
(2147483647, 6, 2019, 388, 498, 1354073766),
(2147483647, 12, 2019, 981, 499, 1354073766),
(2147483647, 11, 2016, 883, 500, 1354073766),
(2147483647, 12, 2017, 952, 501, 1354073766),
(2147483647, 1, 2019, 742, 502, 1354073766),
(2147483647, 10, 2019, 219, 503, 1354073766),
(2147483647, 3, 2019, 557, 504, 1354073766),
(2147483647, 7, 2016, 693, 505, 1354073766),
(2147483647, 1, 2017, 199, 506, 1354073766),
(2147483647, 9, 2018, 436, 507, 1354073766),
(2147483647, 9, 2017, 625, 508, 1354073766),
(2147483647, 12, 2016, 383, 509, 1354073766),
(2147483647, 5, 2018, 678, 510, 1354073766),
(2147483647, 6, 2016, 808, 511, 1354073766),
(2147483647, 8, 2016, 239, 512, 1354073766),
(2147483647, 3, 2019, 216, 513, 1354073766),
(2147483647, 12, 2019, 722, 514, 1354073766),
(2147483647, 1, 2016, 178, 515, 1354073766),
(2147483647, 2, 2016, 500, 516, 1354073766),
(2147483647, 8, 2019, 980, 517, 1354073766),
(2147483647, 12, 2018, 200, 518, 1354073766),
(2147483647, 8, 2018, 503, 519, 1354073766),
(2147483647, 6, 2018, 790, 520, 1354073766),
(2147483647, 2, 2016, 137, 521, 1354073766),
(2147483647, 12, 2018, 843, 522, 1354073766),
(2147483647, 12, 2019, 391, 523, 1354073766),
(2147483647, 9, 2017, 499, 524, 1354073766),
(2147483647, 5, 2017, 642, 525, 1354073766),
(2147483647, 10, 2016, 244, 526, 1354073766),
(2147483647, 6, 2018, 716, 527, 1354073766),
(2147483647, 11, 2017, 461, 528, 1354073766),
(2147483647, 8, 2019, 145, 529, 1354073766),
(2147483647, 7, 2019, 243, 530, 1354073766),
(2147483647, 8, 2016, 669, 531, 1354073766),
(2147483647, 8, 2019, 251, 532, 1354073766),
(2147483647, 7, 2016, 208, 533, 1354073766),
(2147483647, 1, 2016, 663, 534, 1354073766),
(2147483647, 6, 2016, 165, 535, 1354073766),
(2147483647, 12, 2017, 343, 536, 1354073766),
(2147483647, 2, 2017, 437, 537, 1354073766),
(2147483647, 9, 2017, 725, 538, 1354073766),
(2147483647, 5, 2016, 178, 539, 1354073766),
(2147483647, 6, 2017, 142, 540, 1354073766),
(2147483647, 10, 2019, 507, 541, 1354073766),
(2147483647, 7, 2016, 978, 542, 1354073766),
(2147483647, 3, 2016, 865, 543, 1354073766),
(2147483647, 6, 2017, 386, 544, 1354073766),
(2147483647, 3, 2016, 838, 545, 1354073766),
(2147483647, 2, 2018, 212, 546, 1354073766),
(2147483647, 5, 2016, 748, 547, 1354073766),
(2147483647, 4, 2018, 740, 548, 1354073766),
(2147483647, 10, 2018, 321, 549, 1354073766),
(2147483647, 3, 2016, 425, 550, 1354073766),
(2147483647, 4, 2019, 109, 551, 1354073766),
(2147483647, 5, 2016, 269, 552, 1354073766),
(2147483647, 10, 2016, 761, 553, 1354073766),
(2147483647, 5, 2017, 667, 554, 1354073766),
(2147483647, 7, 2019, 216, 555, 1354073766),
(2147483647, 12, 2018, 466, 556, 1354073766),
(2147483647, 8, 2017, 708, 557, 1354073766),
(2147483647, 2, 2018, 934, 558, 1354073766),
(2147483647, 1, 2018, 739, 559, 1354073766),
(2147483647, 11, 2017, 843, 560, 1354073766),
(2147483647, 4, 2019, 568, 561, 1354073766),
(2147483647, 11, 2017, 863, 562, 1354073766),
(2147483647, 4, 2018, 220, 563, 1354073766),
(2147483647, 2, 2016, 304, 564, 1354073766),
(2147483647, 3, 2018, 686, 565, 1354073766),
(2147483647, 9, 2016, 793, 566, 1354073766),
(2147483647, 3, 2018, 288, 567, 1354073766),
(2147483647, 11, 2016, 990, 568, 1354073766),
(2147483647, 1, 2019, 574, 569, 1354073766),
(2147483647, 11, 2018, 404, 570, 1354073766),
(2147483647, 5, 2019, 401, 571, 1354073766),
(2147483647, 6, 2016, 819, 572, 1354073766),
(2147483647, 2, 2019, 595, 573, 1354073766),
(2147483647, 1, 2016, 628, 574, 1354073766),
(2147483647, 2, 2017, 235, 575, 1354073766),
(2147483647, 2, 2016, 344, 576, 1354073766),
(2147483647, 8, 2019, 325, 577, 1354073766),
(2147483647, 2, 2016, 419, 578, 1354073766),
(2147483647, 7, 2018, 644, 579, 1354073766),
(2147483647, 3, 2018, 425, 580, 1354073766),
(2147483647, 6, 2018, 205, 581, 1354073766),
(2147483647, 10, 2018, 612, 582, 1354073766),
(2147483647, 8, 2018, 425, 583, 1354073766),
(2147483647, 2, 2016, 924, 584, 1354073766),
(2147483647, 11, 2016, 168, 585, 1354073766),
(2147483647, 1, 2018, 237, 586, 1354073766),
(2147483647, 12, 2016, 679, 587, 1354073766),
(2147483647, 2, 2016, 289, 588, 1354073766),
(2147483647, 2, 2017, 800, 589, 1354073766),
(2147483647, 12, 2019, 263, 590, 1354073766),
(2147483647, 1, 2016, 332, 591, 1354073766),
(2147483647, 10, 2019, 988, 592, 1354073766),
(2147483647, 9, 2017, 490, 593, 1354073766),
(2147483647, 12, 2016, 513, 594, 1354073766),
(2147483647, 5, 2017, 984, 595, 1354073766),
(2147483647, 4, 2016, 715, 596, 1354073766),
(2147483647, 3, 2017, 304, 597, 1354073766),
(2147483647, 5, 2017, 278, 598, 1354073766),
(2147483647, 5, 2018, 432, 599, 1354073766),
(2147483647, 8, 2017, 924, 600, 1354073766),
(2147483647, 6, 2017, 269, 601, 1354073766),
(2147483647, 8, 2018, 760, 602, 1354073766),
(2147483647, 11, 2019, 329, 603, 1354073766),
(2147483647, 1, 2016, 773, 604, 1354073766),
(2147483647, 2, 2016, 866, 605, 1354073766),
(2147483647, 10, 2018, 381, 606, 1354073766),
(2147483647, 12, 2018, 769, 607, 1354073766),
(2147483647, 4, 2016, 411, 608, 1354073766),
(2147483647, 6, 2017, 516, 609, 1354073766),
(2147483647, 4, 2016, 796, 610, 1354073766),
(2147483647, 12, 2019, 723, 611, 1354073766),
(2147483647, 12, 2016, 161, 612, 1354073766),
(2147483647, 11, 2019, 189, 613, 1354073766),
(2147483647, 9, 2017, 411, 614, 1354073766),
(2147483647, 5, 2018, 444, 615, 1354073766),
(2147483647, 8, 2018, 500, 616, 1354073766),
(2147483647, 2, 2019, 154, 617, 1354073766),
(2147483647, 4, 2018, 884, 618, 1354073766),
(2147483647, 3, 2019, 142, 619, 1354073766),
(2147483647, 2, 2017, 814, 620, 1354073766),
(2147483647, 1, 2018, 263, 621, 1354073766),
(2147483647, 7, 2016, 792, 622, 1354073766),
(2147483647, 10, 2016, 526, 623, 1354073766),
(2147483647, 4, 2018, 429, 624, 1354073766),
(2147483647, 12, 2018, 657, 625, 1354073766),
(2147483647, 9, 2016, 698, 626, 1354073766),
(2147483647, 2, 2017, 175, 627, 1354073766),
(2147483647, 12, 2017, 476, 628, 1354073766),
(2147483647, 10, 2017, 486, 629, 1354073766),
(2147483647, 3, 2017, 114, 630, 1354073766),
(2147483647, 8, 2017, 540, 631, 1354073766),
(2147483647, 3, 2018, 635, 632, 1354073766),
(2147483647, 6, 2017, 325, 633, 1354073766),
(2147483647, 9, 2017, 129, 634, 1354073766),
(2147483647, 7, 2018, 979, 635, 1354073766),
(2147483647, 8, 2017, 568, 636, 1354073766),
(2147483647, 7, 2018, 415, 637, 1354073766),
(2147483647, 12, 2018, 623, 638, 1354073766),
(2147483647, 7, 2016, 152, 639, 1354073766),
(2147483647, 10, 2017, 832, 640, 1354073766),
(2147483647, 4, 2019, 320, 641, 1354073766),
(2147483647, 12, 2017, 839, 642, 1354073766),
(2147483647, 9, 2016, 675, 643, 1354073766),
(2147483647, 11, 2018, 818, 644, 1354073766),
(2147483647, 5, 2018, 207, 645, 1354073766),
(2147483647, 2, 2017, 566, 646, 1354073766),
(2147483647, 2, 2018, 120, 647, 1354073766),
(2147483647, 8, 2018, 332, 648, 1354073766),
(2147483647, 9, 2018, 504, 649, 1354073766),
(2147483647, 10, 2016, 517, 650, 1354073766),
(2147483647, 4, 2017, 227, 651, 1354073766),
(2147483647, 4, 2017, 706, 652, 1354073766),
(2147483647, 10, 2017, 797, 653, 1354073766),
(2147483647, 2, 2017, 501, 654, 1354073766),
(2147483647, 4, 2018, 672, 655, 1354073766),
(2147483647, 3, 2017, 206, 656, 1354073766),
(2147483647, 4, 2019, 221, 657, 1354073766),
(2147483647, 1, 2018, 594, 658, 1354073766),
(2147483647, 3, 2018, 463, 659, 1354073766),
(2147483647, 1, 2019, 995, 660, 1354073766),
(2147483647, 7, 2016, 558, 661, 1354073766),
(2147483647, 1, 2017, 492, 662, 1354073766),
(2147483647, 10, 2018, 767, 663, 1354073766),
(2147483647, 11, 2016, 218, 664, 1354073766),
(2147483647, 3, 2017, 803, 665, 1354073766),
(2147483647, 2, 2019, 475, 666, 1354073766),
(2147483647, 7, 2016, 386, 667, 1354073766),
(2147483647, 11, 2019, 672, 668, 1354073766),
(2147483647, 5, 2018, 923, 669, 1354073766),
(2147483647, 1, 2016, 489, 670, 1354073766),
(2147483647, 8, 2017, 596, 671, 1354073766),
(2147483647, 5, 2016, 936, 672, 1354073766),
(2147483647, 11, 2019, 103, 673, 1354073766),
(2147483647, 4, 2018, 139, 674, 1354073766),
(2147483647, 2, 2019, 640, 675, 1354073766),
(2147483647, 6, 2016, 628, 676, 1354073766),
(2147483647, 1, 2018, 306, 677, 1354073766),
(2147483647, 4, 2016, 598, 678, 1354073766),
(2147483647, 12, 2018, 142, 679, 1354073766),
(2147483647, 6, 2019, 568, 680, 1354073766),
(2147483647, 7, 2017, 650, 681, 1354073766),
(2147483647, 9, 2016, 632, 682, 1354073766),
(2147483647, 7, 2018, 317, 683, 1354073766),
(2147483647, 11, 2016, 694, 684, 1354073766),
(2147483647, 5, 2016, 695, 685, 1354073766),
(2147483647, 3, 2018, 539, 686, 1354073766),
(2147483647, 7, 2019, 145, 687, 1354073766),
(2147483647, 8, 2018, 420, 688, 1354073766),
(2147483647, 2, 2018, 890, 689, 1354073766),
(2147483647, 5, 2016, 377, 690, 1354073766),
(2147483647, 12, 2018, 839, 691, 1354073766),
(2147483647, 6, 2016, 285, 692, 1354073766),
(2147483647, 12, 2017, 810, 693, 1354073766),
(2147483647, 11, 2019, 896, 694, 1354073766),
(2147483647, 12, 2019, 251, 695, 1354073766),
(2147483647, 12, 2017, 925, 696, 1354073766),
(2147483647, 4, 2017, 913, 697, 1354073766),
(2147483647, 8, 2018, 839, 698, 1354073766),
(2147483647, 3, 2016, 742, 699, 1354073766),
(2147483647, 4, 2019, 493, 700, 1354073766),
(2147483647, 7, 2019, 904, 701, 1354073766),
(2147483647, 11, 2018, 831, 702, 1354073766),
(2147483647, 12, 2019, 983, 703, 1354073766),
(2147483647, 11, 2017, 170, 704, 1354073766),
(2147483647, 1, 2017, 423, 705, 1354073766),
(2147483647, 6, 2016, 848, 706, 1354073766),
(2147483647, 4, 2018, 638, 707, 1354073766),
(2147483647, 8, 2016, 866, 708, 1354073766),
(2147483647, 2, 2018, 916, 709, 1354073766),
(2147483647, 6, 2017, 553, 710, 1354073766),
(2147483647, 7, 2018, 720, 711, 1354073766),
(2147483647, 11, 2016, 808, 712, 1354073766),
(2147483647, 12, 2017, 622, 713, 1354073766),
(2147483647, 6, 2019, 742, 714, 1354073766),
(2147483647, 12, 2017, 824, 715, 1354073766),
(2147483647, 11, 2018, 318, 716, 1354073766),
(2147483647, 10, 2016, 750, 717, 1354073766),
(2147483647, 4, 2018, 690, 718, 1354073766),
(2147483647, 10, 2016, 507, 719, 1354073766),
(2147483647, 12, 2018, 321, 720, 1354073766),
(2147483647, 3, 2018, 452, 721, 1354073766),
(2147483647, 5, 2019, 877, 722, 1354073766),
(2147483647, 1, 2016, 668, 723, 1354073766),
(2147483647, 7, 2018, 895, 724, 1354073766),
(2147483647, 4, 2019, 906, 725, 1354073766),
(2147483647, 5, 2018, 397, 726, 1354073766),
(2147483647, 12, 2016, 795, 727, 1354073766),
(2147483647, 8, 2017, 586, 728, 1354073766),
(2147483647, 10, 2018, 206, 729, 1354073766),
(2147483647, 7, 2019, 180, 730, 1354073766),
(2147483647, 7, 2017, 828, 731, 1354073766),
(2147483647, 6, 2017, 881, 732, 1354073766),
(2147483647, 3, 2017, 798, 733, 1354073766),
(2147483647, 12, 2016, 838, 734, 1354073766),
(2147483647, 10, 2016, 711, 735, 1354073766),
(2147483647, 4, 2017, 507, 736, 1354073766),
(2147483647, 6, 2017, 554, 737, 1354073766),
(2147483647, 11, 2019, 528, 738, 1354073766),
(2147483647, 12, 2019, 164, 739, 1354073766),
(2147483647, 2, 2016, 977, 740, 1354073766),
(2147483647, 1, 2016, 576, 741, 1354073766),
(2147483647, 8, 2016, 895, 742, 1354073766),
(2147483647, 9, 2017, 414, 743, 1354073766),
(2147483647, 5, 2018, 431, 744, 1354073766),
(2147483647, 8, 2019, 752, 745, 1354073766),
(2147483647, 11, 2019, 500, 746, 1354073766),
(2147483647, 4, 2017, 605, 747, 1354073766),
(2147483647, 6, 2018, 164, 748, 1354073766),
(2147483647, 3, 2019, 661, 749, 1354073766),
(2147483647, 4, 2019, 596, 750, 1354073766),
(2147483647, 9, 2016, 737, 751, 1354073766),
(2147483647, 12, 2016, 380, 752, 1354073766),
(2147483647, 8, 2018, 153, 753, 1354073766),
(2147483647, 11, 2016, 191, 754, 1354073766),
(2147483647, 1, 2019, 674, 755, 1354073766),
(2147483647, 2, 2019, 956, 756, 1354073766),
(2147483647, 2, 2016, 493, 757, 1354073766),
(2147483647, 10, 2017, 616, 758, 1354073766),
(2147483647, 10, 2016, 291, 759, 1354073766),
(2147483647, 4, 2016, 705, 760, 1354073766),
(2147483647, 8, 2019, 312, 761, 1354073766),
(2147483647, 4, 2018, 574, 762, 1354073766),
(2147483647, 4, 2016, 330, 763, 1354073766),
(2147483647, 11, 2018, 921, 764, 1354073766),
(2147483647, 3, 2019, 973, 765, 1354073766),
(2147483647, 5, 2017, 290, 766, 1354073766),
(2147483647, 3, 2017, 642, 767, 1354073766),
(2147483647, 6, 2016, 690, 768, 1354073766),
(2147483647, 5, 2018, 792, 769, 1354073766),
(2147483647, 3, 2017, 173, 770, 1354073766),
(2147483647, 3, 2019, 444, 771, 1354073766),
(2147483647, 8, 2019, 300, 772, 1354073766),
(2147483647, 2, 2019, 522, 773, 1354073766),
(2147483647, 2, 2018, 427, 774, 1354073766),
(2147483647, 3, 2017, 409, 775, 1354073766),
(2147483647, 1, 2018, 336, 776, 1354073766),
(2147483647, 9, 2017, 276, 777, 1354073766),
(2147483647, 5, 2017, 553, 778, 1354073766),
(2147483647, 4, 2016, 864, 779, 1354073766),
(2147483647, 6, 2019, 159, 780, 1354073766),
(2147483647, 12, 2018, 840, 781, 1354073766),
(2147483647, 11, 2016, 809, 782, 1354073766),
(2147483647, 5, 2018, 122, 783, 1354073766),
(2147483647, 12, 2016, 566, 784, 1354073766),
(2147483647, 4, 2017, 199, 785, 1354073766),
(2147483647, 12, 2018, 915, 786, 1354073766),
(2147483647, 10, 2017, 215, 787, 1354073766),
(2147483647, 8, 2019, 914, 788, 1354073766),
(2147483647, 11, 2019, 450, 789, 1354073766),
(2147483647, 8, 2016, 389, 790, 1354073766),
(2147483647, 3, 2017, 643, 791, 1354073766),
(2147483647, 2, 2017, 615, 792, 1354073766),
(2147483647, 2, 2019, 690, 793, 1354073766),
(2147483647, 5, 2019, 783, 794, 1354073766),
(2147483647, 6, 2019, 946, 795, 1354073766),
(2147483647, 6, 2017, 594, 796, 1354073766),
(2147483647, 1, 2016, 146, 797, 1354073766),
(2147483647, 7, 2019, 245, 798, 1354073766),
(2147483647, 2, 2019, 182, 799, 1354073766),
(2147483647, 4, 2017, 604, 800, 1354073766),
(2147483647, 8, 2018, 830, 801, 1354073766),
(2147483647, 8, 2017, 593, 802, 1354073766),
(2147483647, 11, 2017, 701, 803, 1354073766),
(2147483647, 8, 2017, 558, 804, 1354073766),
(2147483647, 10, 2018, 783, 805, 1354073766),
(2147483647, 8, 2016, 401, 806, 1354073766),
(2147483647, 10, 2016, 551, 807, 1354073766),
(2147483647, 1, 2019, 820, 808, 1354073766),
(2147483647, 3, 2019, 840, 809, 1354073766),
(2147483647, 4, 2019, 994, 810, 1354073766),
(2147483647, 11, 2018, 578, 811, 1354073766),
(2147483647, 2, 2016, 301, 812, 1354073766),
(2147483647, 2, 2016, 103, 813, 1354073766),
(2147483647, 3, 2018, 444, 814, 1354073766),
(2147483647, 9, 2016, 736, 815, 1354073766),
(2147483647, 1, 2016, 975, 816, 1354073766),
(2147483647, 11, 2019, 959, 817, 1354073766),
(2147483647, 2, 2016, 129, 818, 1354073766),
(2147483647, 7, 2017, 136, 819, 1354073766),
(2147483647, 9, 2016, 410, 820, 1354073766),
(2147483647, 9, 2019, 875, 821, 1354073766),
(2147483647, 6, 2017, 562, 822, 1354073766),
(2147483647, 10, 2016, 668, 823, 1354073766),
(2147483647, 11, 2017, 572, 824, 1354073766),
(2147483647, 7, 2018, 532, 825, 1354073766),
(2147483647, 6, 2017, 973, 826, 1354073766),
(2147483647, 6, 2018, 449, 827, 1354073766),
(2147483647, 7, 2016, 299, 828, 1354073766),
(2147483647, 6, 2017, 640, 829, 1354073766),
(2147483647, 5, 2016, 328, 830, 1354073766),
(2147483647, 6, 2019, 861, 831, 1354073766),
(2147483647, 6, 2016, 836, 832, 1354073766),
(2147483647, 6, 2019, 281, 833, 1354073766),
(2147483647, 11, 2017, 780, 834, 1354073766),
(2147483647, 6, 2019, 356, 835, 1354073766),
(2147483647, 2, 2017, 639, 836, 1354073766),
(2147483647, 8, 2017, 725, 837, 1354073766),
(2147483647, 12, 2018, 408, 838, 1354073766),
(2147483647, 9, 2019, 393, 839, 1354073766),
(2147483647, 4, 2019, 396, 840, 1354073766),
(2147483647, 12, 2017, 139, 841, 1354073766),
(2147483647, 4, 2019, 671, 842, 1354073766),
(2147483647, 9, 2018, 411, 843, 1354073766),
(2147483647, 10, 2016, 314, 844, 1354073766),
(2147483647, 8, 2017, 756, 845, 1354073766),
(2147483647, 3, 2016, 122, 846, 1354073766),
(2147483647, 9, 2018, 217, 847, 1354073766),
(2147483647, 8, 2018, 759, 848, 1354073766),
(2147483647, 8, 2018, 496, 849, 1354073766),
(2147483647, 7, 2017, 434, 850, 1354073766),
(2147483647, 9, 2019, 288, 851, 1354073766),
(2147483647, 3, 2017, 618, 852, 1354073766),
(2147483647, 4, 2019, 129, 853, 1354073766),
(2147483647, 2, 2017, 435, 854, 1354073766),
(2147483647, 11, 2018, 533, 855, 1354073766),
(2147483647, 6, 2017, 348, 856, 1354073766),
(2147483647, 4, 2016, 141, 857, 1354073766),
(2147483647, 6, 2018, 216, 858, 1354073766),
(2147483647, 11, 2016, 937, 859, 1354073766),
(2147483647, 6, 2019, 197, 860, 1354073766),
(2147483647, 8, 2017, 568, 861, 1354073766),
(2147483647, 2, 2017, 742, 862, 1354073766),
(2147483647, 6, 2018, 629, 863, 1354073766),
(2147483647, 4, 2016, 746, 864, 1354073766),
(2147483647, 8, 2017, 404, 865, 1354073766),
(2147483647, 1, 2018, 502, 866, 1354073766),
(2147483647, 6, 2018, 480, 867, 1354073766),
(2147483647, 5, 2016, 761, 868, 1354073766),
(2147483647, 5, 2017, 429, 869, 1354073766),
(2147483647, 2, 2016, 209, 870, 1354073766),
(2147483647, 2, 2016, 745, 871, 1354073766),
(2147483647, 12, 2018, 711, 872, 1354073766),
(2147483647, 5, 2017, 271, 873, 1354073766),
(2147483647, 8, 2019, 176, 874, 1354073766),
(2147483647, 11, 2019, 949, 875, 1354073766),
(2147483647, 3, 2018, 504, 876, 1354073766),
(2147483647, 4, 2016, 541, 877, 1354073766),
(2147483647, 8, 2016, 921, 878, 1354073766),
(2147483647, 4, 2018, 579, 879, 1354073766),
(2147483647, 1, 2018, 845, 880, 1354073766),
(2147483647, 11, 2019, 893, 881, 1354073766),
(2147483647, 11, 2019, 426, 882, 1354073766),
(2147483647, 12, 2018, 570, 883, 1354073766),
(2147483647, 9, 2017, 551, 884, 1354073766),
(2147483647, 1, 2017, 841, 885, 1354073766),
(2147483647, 1, 2017, 466, 886, 1354073766),
(2147483647, 6, 2019, 851, 887, 1354073766),
(2147483647, 4, 2019, 442, 888, 1354073766),
(2147483647, 3, 2016, 818, 889, 1354073766),
(2147483647, 10, 2017, 708, 890, 1354073766),
(2147483647, 8, 2018, 627, 891, 1354073766),
(2147483647, 3, 2016, 727, 892, 1354073766),
(2147483647, 12, 2016, 615, 893, 1354073766),
(2147483647, 10, 2019, 730, 894, 1354073766),
(2147483647, 6, 2017, 470, 895, 1354073766),
(2147483647, 4, 2016, 313, 896, 1354073766),
(2147483647, 9, 2019, 128, 897, 1354073766),
(2147483647, 12, 2019, 953, 898, 1354073766),
(2147483647, 1, 2019, 131, 899, 1354073766),
(2147483647, 11, 2018, 320, 900, 1354073766),
(2147483647, 12, 2016, 321, 901, 1354073766),
(2147483647, 5, 2016, 380, 902, 1354073766),
(2147483647, 4, 2017, 212, 903, 1354073766),
(2147483647, 5, 2019, 995, 904, 1354073766),
(2147483647, 12, 2018, 638, 905, 1354073766),
(2147483647, 1, 2016, 624, 906, 1354073766),
(2147483647, 7, 2018, 731, 907, 1354073766),
(2147483647, 12, 2018, 709, 908, 1354073766),
(2147483647, 8, 2017, 172, 909, 1354073766),
(2147483647, 5, 2016, 281, 910, 1354073766),
(2147483647, 11, 2017, 419, 911, 1354073766),
(2147483647, 2, 2017, 474, 912, 1354073766),
(2147483647, 7, 2018, 625, 913, 1354073766),
(2147483647, 2, 2017, 751, 914, 1354073766),
(2147483647, 12, 2016, 487, 915, 1354073766),
(2147483647, 6, 2018, 400, 916, 1354073766),
(2147483647, 11, 2016, 567, 917, 1354073766),
(2147483647, 7, 2016, 367, 918, 1354073766),
(2147483647, 7, 2016, 811, 919, 1354073766),
(2147483647, 2, 2019, 916, 920, 1354073766),
(2147483647, 12, 2016, 392, 921, 1354073766),
(2147483647, 4, 2016, 703, 922, 1354073766),
(2147483647, 11, 2016, 455, 923, 1354073766),
(2147483647, 4, 2017, 632, 924, 1354073766),
(2147483647, 4, 2018, 930, 925, 1354073766),
(2147483647, 2, 2019, 809, 926, 1354073766),
(2147483647, 2, 2018, 125, 927, 1354073766),
(2147483647, 10, 2017, 792, 928, 1354073766),
(2147483647, 7, 2019, 627, 929, 1354073766),
(2147483647, 2, 2019, 205, 930, 1354073766),
(2147483647, 8, 2017, 984, 931, 1354073766),
(2147483647, 2, 2019, 998, 932, 1354073766),
(2147483647, 8, 2017, 853, 933, 1354073766),
(2147483647, 10, 2017, 134, 934, 1354073766),
(2147483647, 3, 2019, 690, 935, 1354073766),
(2147483647, 4, 2016, 601, 936, 1354073766),
(2147483647, 5, 2017, 416, 937, 1354073766),
(2147483647, 11, 2016, 406, 938, 1354073766),
(2147483647, 2, 2018, 951, 939, 1354073766),
(2147483647, 4, 2019, 897, 940, 1354073766),
(2147483647, 11, 2019, 815, 941, 1354073766),
(2147483647, 4, 2016, 224, 942, 1354073766),
(2147483647, 3, 2016, 727, 943, 1354073766),
(2147483647, 5, 2017, 751, 944, 1354073766),
(2147483647, 1, 2016, 128, 945, 1354073766),
(2147483647, 3, 2019, 861, 946, 1354073766),
(2147483647, 2, 2016, 932, 947, 1354073766),
(2147483647, 7, 2017, 738, 948, 1354073766),
(2147483647, 1, 2019, 115, 949, 1354073766),
(2147483647, 10, 2017, 181, 950, 1354073766),
(2147483647, 1, 2016, 129, 951, 1354073766),
(2147483647, 11, 2018, 948, 952, 1354073766),
(2147483647, 10, 2019, 130, 953, 1354073766),
(2147483647, 8, 2017, 750, 954, 1354073766),
(2147483647, 4, 2019, 122, 955, 1354073766),
(2147483647, 9, 2018, 888, 956, 1354073766),
(2147483647, 3, 2018, 948, 957, 1354073766),
(2147483647, 4, 2019, 798, 958, 1354073766),
(2147483647, 7, 2018, 363, 959, 1354073766),
(2147483647, 8, 2018, 611, 960, 1354073766),
(2147483647, 1, 2018, 607, 961, 1354073766),
(2147483647, 9, 2018, 135, 962, 1354073766),
(2147483647, 3, 2017, 326, 963, 1354073766),
(2147483647, 4, 2016, 503, 964, 1354073766),
(2147483647, 8, 2018, 973, 965, 1354073766),
(2147483647, 6, 2017, 453, 966, 1354073766),
(2147483647, 1, 2016, 401, 967, 1354073766),
(2147483647, 6, 2018, 970, 968, 1354073766),
(2147483647, 9, 2017, 900, 969, 1354073766),
(2147483647, 9, 2017, 681, 970, 1354073766),
(2147483647, 4, 2019, 560, 971, 1354073766),
(2147483647, 3, 2017, 295, 972, 1354073766),
(2147483647, 5, 2018, 339, 973, 1354073766),
(2147483647, 8, 2019, 752, 974, 1354073766),
(2147483647, 4, 2018, 532, 975, 1354073766),
(2147483647, 9, 2018, 597, 976, 1354073766),
(2147483647, 7, 2019, 187, 977, 1354073766),
(2147483647, 3, 2016, 154, 978, 1354073766),
(2147483647, 10, 2016, 751, 979, 1354073766),
(2147483647, 9, 2017, 194, 980, 1354073766),
(2147483647, 2, 2016, 607, 981, 1354073766),
(2147483647, 6, 2018, 963, 982, 1354073766),
(2147483647, 3, 2019, 384, 983, 1354073766),
(2147483647, 3, 2016, 424, 984, 1354073766),
(2147483647, 5, 2018, 735, 985, 1354073766),
(2147483647, 9, 2017, 999, 986, 1354073766),
(2147483647, 1, 2018, 506, 987, 1354073766),
(2147483647, 2, 2017, 395, 988, 1354073766),
(2147483647, 4, 2016, 715, 989, 1354073766),
(2147483647, 8, 2017, 525, 990, 1354073766),
(2147483647, 2, 2019, 596, 991, 1354073766),
(2147483647, 3, 2018, 157, 992, 1354073766),
(2147483647, 1, 2019, 316, 993, 1354073766),
(2147483647, 8, 2016, 137, 994, 1354073766),
(2147483647, 5, 2018, 438, 995, 1354073766),
(2147483647, 10, 2017, 984, 996, 1354073766),
(2147483647, 11, 2016, 948, 997, 1354073766),
(2147483647, 5, 2016, 691, 998, 1354073766),
(2147483647, 3, 2017, 152, 999, 1354073766),
(2147483647, 6, 2017, 892, 1000, 1354073766);



INSERT INTO `Reservations` (`FlightNumber`, `FlightDate`, `SeatNumber`, `MealType`, `Cost`, `ReservationID`, `UUID`, `ClassType`, `SeatType`) VALUES
('NKS1069', '2005-07-22 00:00:00', '12', 'Kosher', 173.2, '5663283ec6240', 931041675, 1, 'Normal'),
('NKS1169', '2005-07-22 00:00:00', '20', 'Kosher', 174.3, '5663283ec9f48', 941857889, 3, 'window'),
('NKS118', '2005-07-22 00:00:00', '19', 'Kosher', 173.2, '5663283ed170f', 959247934, 2, 'Isle'),
('NKS146', '2005-07-22 00:00:00', '15', 'Kosher', 80.03, '5663283ed4b04', 934964226, 2, 'window'),
('NKS172', '2005-07-22 00:00:00', '1', 'Vegetarian', 289.8, '5663283edb3d6', 924474922, 1, 'window'),
('NKS185', '2005-07-22 00:00:00', '11', 'Vegetarian', 147.35, '5663283ede747', 929605939, 3, 'window'),
('NKS188', '2005-07-22 00:00:00', '13', 'Halal', 133.49, '5663283ee6418', 925200990, 2, 'Isle'),
('NKS209', '2005-07-22 00:00:00', '20', 'Halal', 94.44, '5663283eea324', 951089965, 2, 'Isle'),
('NKS223', '2005-07-22 00:00:00', '15', 'Vegetarian', 173.2, '5663283ef10f1', 920826381, 1, 'window'),
('NKS245', '2005-07-22 00:00:00', '17', 'Kosher', 138.77, '5663283ef402d', 919368215, 3, 'window'),
('NKS303', '2005-07-22 00:00:00', '6', 'Vegetarian', 142.62, '5663283f06bc9', 941857889, 2, 'Isle'),
('NKS315', '2005-07-22 00:00:00', '7', 'Kosher', 213.9, '5663283f0d977', 949029297, 1, 'window'),
('NKS323', '2005-07-22 00:00:00', '5', 'Kosher', 138.77, '5663283f13ed1', 950773015, 2, 'window'),
('NKS342', '2005-07-22 00:00:00', '0', 'Vegetarian', 334.9, '5663283f19b42', 964515840, 3, 'window'),
('NKS360', '2005-07-22 00:00:00', '10', 'Vegan', 145.15, '5663283f1f980', 934761093, 3, 'window'),
('NKS372', '2005-07-22 00:00:00', '16', 'Halal', 50, '5663283f257dd', 934964226, 2, 'Isle'),
('NKS425', '2005-07-22 00:00:00', '3', 'Vegetarian', 97.3, '5663283f2cd96', 930066941, 1, 'window'),
('NKS443', '2005-07-22 00:00:00', '13', 'Halal', 50, '5663283f3359d', 935711052, 3, 'window'),
('NKS470', '2005-07-22 00:00:00', '17', 'Halal', 143.72, '5663283f38415', 929605939, 3, 'window'),
('NKS500', '2005-07-22 00:00:00', '3', 'Vegan', 97.63, '5663283f3d298', 954129985, 2, 'Isle'),
('SWA842', '2005-07-22 00:00:00', '19', 'Kosher', 104.12, '5663283f4211a', 920324764, 3, 'window'),
('SWA848', '2005-07-22 00:00:00', '6', 'Halal', 233.7, '5663283f46f8b', 943148842, 2, 'window'),
('SWA849', '2005-07-22 00:00:00', '10', 'Halal', 174.3, '5663283f4be01', 959897705, 3, 'window'),
('SWA853', '2005-07-22 00:00:00', '14', 'Kosher', 142.18, '5663283f4f74a', 931300721, 3, 'Normal'),
('SWA868', '2005-07-22 00:00:00', '12', 'Kosher', 133.6, '5663283f564e8', 950878134, 3, 'window'),
('SWA870', '2005-07-22 00:00:00', '10', 'Kosher', 148.67, '5663283f5845b', 956051018, 2, 'window'),
('SWA874', '2005-07-22 00:00:00', '10', 'Halal', 208.4, '5663283f5b393', 922321909, 3, 'Normal'),
('SWA895', '2005-07-22 00:00:00', '3', 'Vegetarian', 69.91, '5663283f5e2cc', 916043502, 3, 'window'),
('SWA900', '2005-07-22 00:00:00', '15', 'Vegan', 50, '5663283f63182', 926383379, 2, 'window'),
('SWA9008', '2005-07-22 00:00:00', '17', 'Kosher', 149.66, '5663283f67069', 953352340, 3, 'Normal'),
('SWA9010', '2005-07-22 00:00:00', '19', 'Kosher', 242.5, '5663283f6edfc', 934945958, 3, 'Isle'),
('SWA904', '2005-07-22 00:00:00', '11', 'Vegetarian', 142.18, '5663283f77b03', 941857889, 2, 'window'),
('SWA907', '2005-07-22 00:00:00', '22', 'Kosher', 245.8, '5663283f7ac8d', 929605939, 1, 'Isle');



INSERT INTO `Roles` (`RoleID`, `Title`) VALUES
(0, 'Passenger'),
(1, 'Administrator'),
(2, 'Employee');


INSERT INTO `TravelDistance` (`Origin`, `Destination`, `Distance`, `id`) VALUES
('ATL', 'BOS', 945, 2),
('ATL', 'CMH', 448, 3),
('ATL', 'DEN', 1200, 4),
('ATL', 'DFW', 729, 5),
('ATL', 'DSM', 741, 6),
('ATL', 'FAT', 1990, 7),
('ATL', 'Hartsfield Intl Arpt, Atlanta, GA ', 0, 8),
('ATL', 'IAD', 535, 9),
('ATL', 'IND', 433, 10),
('ATL', 'MCO', 404, 11),
('ATL', 'MEM', 330, 12),
('ATL', 'MSP', 906, 13),
('ATL', 'MSY', 424, 14),
('ATL', 'ORD', 606, 15),
('ATL', 'PHX', 1580, 16),
('ATL', 'PWM', 1030, 17),
('ATL', 'SEA', 2180, 18),
('BOS', 'DEN', 1750, 19),
('BOS', 'IAD', 411, 20),
('BOS', 'IND', 814, 21),
('BOS', 'Logan Intl Arpt, Boston, MA ', 0, 22),
('BOS', 'MCO', 1120, 23),
('BOS', 'MSP', 1120, 24),
('BOS', 'MSY', 1370, 25),
('BOS', 'PHX', 2290, 26),
('BOS', 'PWM', 95.3, 27),
('BOS', 'SEA', 2490, 28),
('CMH', 'BOS', 637, 29),
('CMH', 'DEN', 1150, 30),
('CMH', 'DSM', 572, 31),
('CMH', 'IAD', 298, 32),
('CMH', 'IND', 181, 33),
('CMH', 'MCO', 803, 34),
('CMH', 'MSP', 624, 35),
('CMH', 'MSY', 807, 36),
('CMH', 'PHX', 1670, 37),
('CMH', 'Port Columbus Intl Arpt, Columbus, OH? ', 0, 38),
('CMH', 'PWM', 693, 39),
('CMH', 'SEA', 2010, 40),
('DEN', 'Denver Intl Arpt, Denver, CO (DEN) ', 0, 41),
('DEN', 'IAD', 1450, 42),
('DEN', 'IND', 974, 43),
('DEN', 'MCO', 1540, 44),
('DEN', 'MSP', 679, 45),
('DEN', 'MSY', 1060, 46),
('DEN', 'PHX', 601, 47),
('DEN', 'PWM', 1780, 48),
('DEN', 'SEA', 1020, 49),
('DFW', 'BOS', 1560, 50),
('DFW', 'CMH', 925, 51),
('DFW', 'Dallas Ft Worth Intl, Dallas, TX ', 0, 52),
('DFW', 'DEN', 640, 53),
('DFW', 'DSM', 624, 54),
('DFW', 'FAT', 1310, 55),
('DFW', 'IAD', 1170, 56),
('DFW', 'IND', 761, 57),
('DFW', 'MCO', 983, 58),
('DFW', 'MEM', 430, 59),
('DFW', 'MSP', 852, 60),
('DFW', 'MSY', 448, 61),
('DFW', 'PHX', 865, 62),
('DFW', 'PWM', 1620, 63),
('DFW', 'SEA', 1660, 64),
('DSM', 'BOS', 1160, 65),
('DSM', 'DEN', 588, 66),
('DSM', 'Des Moines Municipal Airport, Des Moines, IA ', 0, 67),
('DSM', 'IAD', 870, 68),
('DSM', 'IND', 406, 69),
('DSM', 'MCO', 1140, 70),
('DSM', 'MSP', 232, 71),
('DSM', 'MSY', 820, 72),
('DSM', 'PHX', 1150, 73),
('DSM', 'PWM', 1190, 74),
('DSM', 'SEA', 1460, 75),
('FAT', 'BOS', 2590, 76),
('FAT', 'CMH', 1990, 77),
('FAT', 'DEN', 842, 78),
('FAT', 'DSM', 1430, 79),
('FAT', 'Fresno Air Terminal, Fresno, CA ', 0, 80),
('FAT', 'IAD', 2290, 81),
('FAT', 'IND', 1810, 82),
('FAT', 'MCO', 2290, 83),
('FAT', 'MEM', 1660, 84),
('FAT', 'MSP', 1490, 85),
('FAT', 'MSY', 1750, 86),
('FAT', 'PHX', 492, 87),
('FAT', 'PWM', 2610, 88),
('FAT', 'SEA', 749, 89),
('IAD', 'MSP', 905, 90),
('IAD', 'PWM', 492, 91),
('IAD', 'Washington Dulles Intl, Washington, DC ', 0, 92),
('IND', 'IAD', 474, 93),
('IND', 'Indianapolis Intl Arpt, Indianapolis, IN ', 0, 94),
('IND', 'MCO', 829, 95),
('IND', 'MSP', 502, 96),
('IND', 'MSY', 710, 97),
('IND', 'PHX', 1490, 98),
('IND', 'PWM', 865, 99),
('IND', 'SEA', 1860, 100),
('JFK', 'ATL', 760, 101),
('JFK', 'BOS', 186, 102),
('JFK', 'CMH', 481, 103),
('JFK', 'DEN', 1620, 104),
('JFK', 'DFW', 1390, 105),
('JFK', 'DSM', 1030, 106),
('JFK', 'FAT', 2460, 107),
('JFK', 'IAD', 227, 108),
('JFK', 'IND', 662, 109),
('JFK', 'John F Kennedy Intl, New York City, NY ', 0, 110),
('JFK', 'MCO', 945, 111),
('JFK', 'MEM', 963, 112),
('JFK', 'MSP', 1020, 113),
('JFK', 'MSY', 1180, 114),
('JFK', 'ORD', 737, 115),
('JFK', 'PHX', 2150, 116),
('JFK', 'PWM', 273, 117),
('JFK', 'SEA', 2410, 118),
('LAX', 'ATL', 1940, 119),
('LAX', 'BOS', 2600, 120),
('LAX', 'CMH', 1990, 121),
('LAX', 'DEN', 860, 122),
('LAX', 'DFW', 1230, 123),
('LAX', 'DSM', 1440, 124),
('LAX', 'FAT', 209, 125),
('LAX', 'IAD', 2280, 126),
('LAX', 'IND', 1810, 127),
('LAX', 'JFK', 2469.11, 128),
('LAX', 'Los Angeles International Airport', 0, 129),
('LAX', 'MCO', 2210, 130),
('LAX', 'MEM', 1610, 131),
('LAX', 'MSP', 1530, 132),
('LAX', 'MSY', 1670, 133),
('LAX', 'ORD', 1740, 134),
('LAX', 'PHX', 369, 135),
('LAX', 'PWM', 2630, 136),
('LAX', 'SEA', 954, 137),
('LAX', 'SLC', 590.24, 138),
('MCO', 'IAD', 759, 139),
('MCO', 'MSP', 1310, 140),
('MCO', 'MSY', 550, 141),
('MCO', 'Orlando Intl Arpt, Orlando, FL ', 0, 142),
('MCO', 'PHX', 1840, 143),
('MCO', 'PWM', 1210, 144),
('MCO', 'SEA', 2550, 145),
('MEM', 'BOS', 1140, 146),
('MEM', 'CMH', 518, 147),
('MEM', 'DEN', 870, 148),
('MEM', 'DSM', 490, 149),
('MEM', 'IAD', 741, 150),
('MEM', 'IND', 382, 151),
('MEM', 'MCO', 683, 152),
('MEM', 'Memphis Intl, Memphis, TN ', 0, 153),
('MEM', 'MSP', 701, 154),
('MEM', 'MSY', 350, 155),
('MEM', 'PHX', 1260, 156),
('MEM', 'PWM', 1200, 157),
('MEM', 'SEA', 1870, 158),
('MSP', 'Minneapolis St Paul Intl, Minneapolis, MN? ', 0, 159),
('MSP', 'PWM', 1130, 160),
('MSY', 'IAD', 955, 161),
('MSY', 'Louis Armstrong New Orleans International Airport, LA, USA', 0, 162),
('MSY', 'MSP', 1040, 163),
('MSY', 'PHX', 1300, 164),
('MSY', 'PWM', 1440, 165),
('MSY', 'SEA', 2080, 166),
('ORD', 'BOS', 863, 167),
('ORD', 'CMH', 295, 168),
('ORD', 'DEN', 885, 169),
('ORD', 'DFW', 801, 170),
('ORD', 'DSM', 297, 171),
('ORD', 'FAT', 1730, 172),
('ORD', 'IAD', 587, 173),
('ORD', 'IND', 177, 174),
('ORD', 'MCO', 1010, 175),
('ORD', 'MEM', 492, 176),
('ORD', 'MSP', 333, 177),
('ORD', 'MSY', 838, 178),
('ORD', 'O''Hare Intl Arpt, Chicago, IL ', 0, 179),
('ORD', 'PHX', 1440, 180),
('ORD', 'PWM', 897, 181),
('ORD', 'SEA', 1710, 182),
('Origin', 'Destination', 0, 183),
('PHX', 'IAD', 1950, 184),
('PHX', 'MSP', 1270, 185),
('PHX', 'PWM', 2330, 186),
('PHX', 'SEA', 1110, 187),
('PHX', 'Sky Harbor Intl Arpt, Phoenix, AZ ', 0, 188),
('PWM', 'Portland Intl Jetport, Portland, ME ', 0, 189),
('SEA', 'IAD', 2300, 190),
('SEA', 'MSP', 1390, 191),
('SEA', 'PWM', 2480, 192),
('SEA', 'Seattle Tacoma Intl Arpt, Seattle, WA? ', 0, 193),
('SLC', 'ATL', 1590, 194),
('SLC', 'BOS', 2100, 195),
('SLC', 'CMH', 1520, 196),
('SLC', 'DEN', 390, 197),
('SLC', 'DFW', 986, 198),
('SLC', 'DSM', 953, 199),
('SLC', 'FAT', 500, 200),
('SLC', 'IAD', 1820, 201),
('SLC', 'IND', 1350, 202),
('SLC', 'JFK', 1980, 203),
('SLC', 'MCO', 1930, 204),
('SLC', 'MEM', 1260, 205),
('SLC', 'MSP', 989, 206),
('SLC', 'MSY', 1430, 207),
('SLC', 'ORD', 1250, 208),
('SLC', 'PHX', 508, 209),
('SLC', 'PWM', 2120, 210),
('SLC', 'Salt Lake International Airport', 0, 211),
('SLC', 'SEA', 687, 212);



INSERT INTO `Users` (`UUID`, `Email`, `LastName`, `FirstName`, `StreetAddress`, `City`, `State`, `ZipCode`, `Password`, `ContactPhone`, `RoleID`) VALUES
(0, 'nandakishore.tokala@gmail.com', 'tokala', 'Nanda Kishore ', '4700 taft blvd apt# 254', 'wichita falls', 'texas', '76308', 'ntokala', '5124134577', 0),
(915987343, 'jon.bishop@example.com', 'bishop', 'jon', '1552 mockingbird hill', 'toowoomba', 'victoria', '37436', 'enterme', '00-7416-3755', 0),
(916043502, 'sophie.bates@example.com', 'bates', 'sophie', '5148 woodland st', 'toowoomba', 'queensland', '92346', '1961', '00-1740-5052', 0),
(917174374, 'toni.campbell@example.com', 'campbell', 'toni', '2813 prospect rd', 'bowral', 'australian capital territory', '37871', 'hotlips', '01-9217-2515', 0),
(917384077, 'georgia.brown@example.com', 'brown', 'georgia', '1757 taylor st', 'geraldton', 'western australia', '72717', 'savage', '05-7680-9007', 0),
(917391271, 'kent.griffin@example.com', 'griffin', 'kent', '9850 westheimer rd', 'tamworth', 'northern territory', '22522', 'keeper', '05-3527-1422', 0),
(917447366, 'ricardo.gardner@example.com', 'gardner', 'ricardo', '4529 railroad st', 'orange', 'australian capital territory', '84590', 'train', '08-2374-4232', 0),
(918865051, 'ross.elliott@example.com', 'elliott', 'ross', '2034 walnut hill ln', 'hervey bay', 'western australia', '81636', 'deadman', '09-0128-4957', 0),
(919023806, 'jose.alvarez@example.com', 'alvarez', 'jose', '7913 mcclellan rd', 'darwin', 'queensland', '54227', 'kitchen', '05-1868-5412', 0),
(919029914, 'ken.bryant@example.com', 'bryant', 'ken', '1240 parker rd', 'wagga wagga', 'new south wales', '88715', 'pilgrim', '04-7903-4785', 0),
(919368215, 'flenn.mitchell@example.com', 'mitchell', 'flenn', '9870 lakeview st', 'perth', 'queensland', '31323', 'boogie', '04-9421-9754', 0),
(920324764, 'sherri.rose@example.com', 'rose', 'sherri', '7002 sunset st', 'darwin', 'victoria', '88274', 'blam', '02-0557-1032', 0),
(920826381, 'suzanne.king@example.com', 'king', 'suzanne', '4037 washington ave', 'sunshine coast', 'western australia', '95531', 'pumpkin', '09-1651-3166', 0),
(921359866, 'soham.carpenter@example.com', 'carpenter', 'soham', '1296 bruce st', 'australian capital territory', 'queensland', '58553', 'micron', '07-2567-6339', 0),
(922321909, 'daryl.jennings@example.com', 'jennings', 'daryl', '5081 e north st', 'brisbane', 'queensland', '83592', 'gohome', '01-0493-5589', 0),
(922796283, 'lloyd.reed@example.com', 'reed', 'lloyd', '4513 railroad st', 'albany', 'victoria', '54280', 'cafc91', '01-6105-8302', 0),
(922796621, 'gladys.nichols@example.com', 'nichols', 'gladys', '1398 homestead rd', 'shepparton', 'south australia', '35411', 'petra', '07-2978-7105', 0),
(924229780, 'georgia.byrd@example.com', 'byrd', 'georgia', '9110 pecan acres ln', 'geelong', 'northern territory', '60746', 'comein', '05-1094-9505', 0),
(924474922, 'leslie.kuhn@example.com', 'kuhn', 'leslie', '5078 hickory creek dr', 'australian capital territory', 'australian capital territory', '69650', 'boobed', '04-2483-9262', 0),
(924708076, 'jeremy.weaver@example.com', 'weaver', 'jeremy', '4821 hamilton ave', 'hervey bay', 'victoria', '81635', 'tickler', '02-0292-9332', 0),
(925025604, 'aiden.fisher@example.com', 'fisher', 'aiden', '5071 valwood pkwy', 'wagga wagga', 'queensland', '28853', 'elvira', '05-3534-7768', 0),
(925200990, 'bill.boyd@example.com', 'boyd', 'bill', '4592 taylor st', 'nowra', 'queensland', '31415', 'funky', '01-5920-2513', 0),
(926383379, 'miriam.stephens@example.com', 'stephens', 'miriam', '7749 preston rd', 'bowral', 'northern territory', '30852', 'shannon1', '02-3189-4571', 0),
(927185231, 'robert.austin@example.com', 'austin', 'robert', '5083 n stelling rd', 'geraldton', 'victoria', '51961', 'wishbone', '01-3305-0743', 0),
(927217185, 'lydia.ray@example.com', 'ray', 'lydia', '6891 stevens creek blvd', 'melbourne', 'northern territory', '90160', 'crusty', '08-3616-5697', 0),
(929426610, 'allison.barnett@example.com', 'barnett', 'allison', '3728 plum st', 'devonport', 'northern territory', '91354', '1021', '06-9796-7150', 0),
(929605939, 'craig.torres@example.com', 'torres', 'craig', '6622 hillcrest rd', 'wagga wagga', 'new south wales', '35396', 'caught', '08-3713-2883', 0),
(929658983, 'rafael.tucker@example.com', 'tucker', 'rafael', '8709 preston rd', 'mildura', 'tasmania', '78068', 'siobhan', '09-2983-5832', 0),
(929875911, 'earl.burton@example.com', 'burton', 'earl', '4549 nowlin rd', 'cairns', 'victoria', '38051', 'remember', '05-0949-9011', 0),
(930066941, 'luis.owens@example.com', 'owens', 'luis', '4840 forest ln', 'nowra', 'tasmania', '15082', 'cat123', '07-1626-0681', 1),
(930415840, 'miriam.coleman@example.com', 'coleman', 'miriam', '1309 blossom hill rd', 'bowral', 'victoria', '65725', '1213', '02-5041-2352', 0),
(930986148, 'derek.jenkins@example.com', 'jenkins', 'derek', '6707 elgin st', 'mackay', 'victoria', '12365', 'blaster', '00-6423-9097', 0),
(931041675, 'ella.fowler@example.com', 'fowler', 'ella', '9460 sunset st', 'dubbo', 'victoria', '14497', 'hawaii50', '09-2389-1301', 1),
(931300721, 'rodney.palmer@example.com', 'palmer', 'rodney', '6194 fincher rd', 'traralgon', 'south australia', '13627', 'julian', '03-5440-1219', 0),
(931307155, 'michael.wade@example.com', 'wade', 'michael', '9250 valley view ln', 'warrnambool', 'victoria', '49478', 'raymond', '07-7160-6621', 0),
(931635442, 'kristin.bryant@example.com', 'bryant', 'kristin', '1821 college st', 'warragul', 'western australia', '13723', 'uuuu', '00-9040-3371', 0),
(931947623, 'jeff.richards@example.com', 'richards', 'jeff', '7195 prospect rd', 'albany', 'western australia', '15833', 'highbury', '04-2661-4767', 0),
(933223432, 'juanita.ramirez@example.com', 'ramirez', 'juanita', '1664 prospect rd', 'mildura', 'victoria', '25501', '8inches', '05-0525-9039', 0),
(933503731, 'terra.castillo@example.com', 'castillo', 'terra', '3385 paddock way', 'dubbo', 'western australia', '53727', 'delta1', '01-8256-2428', 0),
(933763946, 'ruby.graves@example.com', 'graves', 'ruby', '9624 ash dr', 'albury', 'western australia', '45504', 'sailboat', '03-0069-7553', 0),
(934573016, 'tom.larson@example.com', 'larson', 'tom', '8916 daisy dr', 'port macquarie', 'queensland', '72200', 'oilers', '07-8663-4008', 0),
(934761093, 'irene.james@example.com', 'james', 'irene', '1376 hillcrest rd', 'mildura', 'queensland', '12358', 'away', '06-5471-6330', 0),
(934945958, 'dale.george@example.com', 'george', 'dale', '4821 marsh ln', 'queanbeyan', 'northern territory', '76905', 'eagles1', '02-6017-4691', 0),
(934964226, 'eva.morrison@example.com', 'morrison', 'eva', '3306 w belt line rd', 'sunshine coast', 'victoria', '24646', 'peabody', '07-6028-2261', 0),
(935711052, 'willard.herrera@example.com', 'herrera', 'willard', '9947 plum st', 'warrnambool', 'new south wales', '50467', 'iiii', '01-5447-2406', 0),
(936027512, 'deanna.jensen@example.com', 'jensen', 'deanna', '2711 timber wolf trail', 'mackay', 'new south wales', '94637', 'cobalt', '02-5345-7811', 0),
(936076294, 'dora.brooks@example.com', 'brooks', 'dora', '9630 w gray st', 'rockhampton', 'northern territory', '36384', 'snoopdog', '06-4726-4760', 0),
(936444874, 'duane.kelly@example.com', 'kelly', 'duane', '8457 lovers ln', 'warrnambool', 'queensland', '15528', 'muscles', '04-5611-2593', 0),
(939278341, 'james.holt@example.com', 'holt', 'james', '3144 groveland terrace', 'warragul', 'australian capital territory', '83859', 'terminal', '03-4388-1279', 0),
(940178434, 'derek.freeman@example.com', 'freeman', 'derek', '1614 paddock way', 'perth', 'australian capital territory', '70185', 'rocker', '06-2529-3988', 0),
(940291052, 'jeremiah.ward@example.com', 'ward', 'jeremiah', '1079 shady ln dr', 'hobart', 'south australia', '42169', 'fullback', '03-0835-7535', 0),
(940528306, 'floyd.morris@example.com', 'morris', 'floyd', '1259 stevens creek blvd', 'melbourne', 'australian capital territory', '25355', 'deskjet', '09-7951-7537', 0),
(941540552, 'allen.pena@example.com', 'pena', 'allen', '6578 pecan acres ln', 'port macquarie', 'australian capital territory', '48913', 'best', '09-4787-6835', 0),
(941857889, 'wade.walker@example.com', 'walker', 'wade', '8141 woodland st', 'wollongong', 'queensland', '75485', 'logger', '04-5330-2372', 0),
(942595489, 'nicole.day@example.com', 'day', 'nicole', '6903 depaul dr', 'mackay', 'victoria', '95179', 'newness', '05-4034-1236', 0),
(942886729, 'laurie.boyd@example.com', 'boyd', 'laurie', '3984 locust rd', 'albury', 'australian capital territory', '31039', 'khan', '09-0427-1291', 0),
(943148842, 'mildred.hamilton@example.com', 'hamilton', 'mildred', '1301 sunset st', 'kalgoorlie', 'queensland', '97581', 'vader', '06-2401-7131', 0),
(943391681, 'ruben.black@example.com', 'black', 'ruben', '2077 james st', 'traralgon', 'tasmania', '29341', 'ginger1', '01-5891-4349', 0),
(944637976, 'enrique.meyer@example.com', 'meyer', 'enrique', '7777 ash dr', 'kalgoorlie', 'victoria', '69398', 'spears', '00-5065-4635', 0),
(945178081, 'duane.silva@example.com', 'silva', 'duane', '4904 ranchview dr', 'wollongong', 'northern territory', '37288', 'zulu', '08-2792-6796', 0),
(947793193, 'nicholas.brooks@example.com', 'brooks', 'nicholas', '7357 bollinger rd', 'toowoomba', 'western australia', '77107', 'uuuuu', '01-9731-2556', 0),
(947808843, 'cathy.howell@example.com', 'howell', 'cathy', '9475 mcgowen st', 'bundaberg', 'victoria', '86892', 'java', '04-4378-1877', 0),
(948105828, 'kirk.lucas@example.com', 'lucas', 'kirk', '4435 daisy dr', 'busselton', 'queensland', '53963', 'sandman', '02-7269-8393', 0),
(948332633, 'matthew.welch@example.com', 'welch', 'matthew', '7992 locust rd', 'rockhampton', 'new south wales', '49045', 'salesman', '00-4062-9221', 0),
(948734645, 'toni.dixon@example.com', 'dixon', 'toni', '6625 lone wolf trail', 'devonport', 'tasmania', '18943', 'martin1', '06-4381-5226', 0),
(949029297, 'samuel.fox@example.com', 'fox', 'samuel', '6895 e little york rd', 'bendigo', 'new south wales', '46584', 'titi', '06-6291-5745', 0),
(949571259, 'julio.walker@example.com', 'walker', 'julio', '4979 avondale ave', 'warrnambool', 'western australia', '78507', 'batman1', '04-7142-9639', 0),
(950235568, 'tracey.phillips@example.com', 'phillips', 'tracey', '7678 oak lawn ave', 'bowral', 'new south wales', '97618', 'dirk', '09-4210-7015', 0),
(950773015, 'glen.kelley@example.com', 'kelley', 'glen', '1725 country club rd', 'coffs harbour', 'south australia', '97634', 'frogman', '05-5687-3853', 0),
(950878134, 'joe.palmer@example.com', 'palmer', 'joe', '4417 dogwood ave', 'ballarat', 'new south wales', '81913', 'pothead', '07-1010-7139', 0),
(951089965, 'lois.mendoza@example.com', 'mendoza', 'lois', '7093 eason rd', 'toowoomba', 'northern territory', '67109', 'spyder', '02-7957-7123', 0),
(951386647, 'leah.riley@example.com', 'riley', 'leah', '9809 woodland st', 'wollongong', 'northern territory', '14728', 'addison', '08-1413-4369', 0),
(951592780, 'dean.bell@example.com', 'bell', 'dean', '4917 smokey ln', 'brisbane', 'western australia', '43917', '147258', '04-3915-9737', 0),
(952055008, 'jeremy.ramirez@example.com', 'ramirez', 'jeremy', '3351 camden ave', 'launceston', 'victoria', '93830', 'handyman', '01-8054-6581', 0),
(952884194, 'ellen.ray@example.com', 'ray', 'ellen', '6654 w campbell ave', 'melbourne', 'victoria', '13882', 'pippen', '09-6379-9778', 0),
(953352340, 'sophia.spencer@example.com', 'spencer', 'sophia', '4578 ash dr', 'townsville', 'queensland', '93718', 'zxcv', '02-5322-3310', 0),
(954078463, 'marion.evans@example.com', 'evans', 'marion', '1876 mcclellan rd', 'townsville', 'new south wales', '66741', 'brighton', '05-9623-7014', 0),
(954129985, 'ann.sanders@example.com', 'sanders', 'ann', '5770 frances ct', 'sydney', 'australian capital territory', '74958', 'beethove', '02-3839-5830', 0),
(955468698, 'ivan.murphy@example.com', 'murphy', 'ivan', '5328 dane st', 'brisbane', 'australian capital territory', '57332', 'strife', '06-1191-0976', 0),
(956051018, 'paula.white@example.com', 'white', 'paula', '1968 washington ave', 'geelong', 'new south wales', '52365', 'jupiter1', '08-0037-7980', 0),
(956310618, 'ross.grant@example.com', 'grant', 'ross', '7989 marsh ln', 'nowra', 'northern territory', '35462', 'casey', '08-7217-8891', 0),
(958400793, 'jessie.chambers@example.com', 'chambers', 'jessie', '4328 samaritan dr', 'tweed', 'australian capital territory', '74926', 'tammy', '06-2382-1188', 0),
(958930868, 'douglas.ross@example.com', 'ross', 'douglas', '3296 depaul dr', 'sydney', 'new south wales', '59601', 'bluefish', '03-1738-6510', 0),
(959247934, 'arnold.black@example.com', 'black', 'arnold', '3933 hillcrest rd', 'ballarat', 'northern territory', '52591', 'magneto', '05-7185-0093', 0),
(959897705, 'carl.smith@example.com', 'smith', 'carl', '2079 woodland st', 'australian capital territory', 'tasmania', '28969', 'tiger2', '06-6653-9607', 0),
(960614846, 'allan.garza@example.com', 'garza', 'allan', '1983 lakeview st', 'australian capital territory', 'northern territory', '99729', 'cumm', '03-3604-3767', 0),
(961795172, 'lorraine.mitchelle@example.com', 'mitchelle', 'lorraine', '8910 woodland st', 'melbourne', 'queensland', '53095', 'tintin', '06-4346-7007', 0),
(961851390, 'gavin.clark@example.com', 'clark', 'gavin', '8398 spring st', 'mildura', 'queensland', '76881', 'spooge', '04-9281-4515', 0),
(963525513, 'felecia.james@example.com', 'james', 'felecia', '6932 country club rd', 'geelong', 'south australia', '59131', 'reading', '03-6299-6074', 0),
(963564478, 'vernon.alvarez@example.com', 'alvarez', 'vernon', '6553 white oak dr', 'bathurst', 'northern territory', '84467', 'weng', '00-0103-4562', 0),
(963605141, 'stephen.daniels@example.com', 'daniels', 'stephen', '5731 brown terrace', 'sydney', 'queensland', '82548', 'polo', '08-6874-6246', 0),
(963965859, 'henry.franklin@example.com', 'franklin', 'henry', '7120 hamilton ave', 'darwin', 'tasmania', '97126', 'comp', '09-3607-7926', 0),
(964515840, 'florence.arnold@example.com', 'arnold', 'florence', '3223 taylor st', 'townsville', 'new south wales', '71864', 'sylveste', '05-7254-9325', 1),
(967499854, 'courtney.lane@example.com', 'lane', 'courtney', '6931 woodland st', 'sunshine coast', 'victoria', '88868', 'andrews', '08-4678-9120', 0),
(968690317, 'miguel.gomez@example.com', 'gomez', 'miguel', '2436 e sandy lake rd', 'cairns', 'tasmania', '51027', 'matteo', '05-9937-3156', 0),
(969137453, 'felecia.douglas@example.com', 'douglas', 'felecia', '2327 w dallas st', 'gladstone', 'south australia', '87572', 'kirk', '05-0565-1199', 0),
(969858856, 'sergio.lowe@example.com', 'lowe', 'sergio', '2439 bruce st', 'ballarat', 'new south wales', '77260', 'training', '05-3908-1087', 0),
(970972778, 'ernest.freeman@example.com', 'freeman', 'ernest', '8161 e little york rd', 'ballarat', 'new south wales', '22347', 'shua', '08-2573-4821', 0),
(971251152, 'dwayne.ferguson@example.com', 'ferguson', 'dwayne', '9699 saddle dr', 'tweed', 'queensland', '44430', 'jerome', '01-7245-0972', 0),
(971737064, 'ian.andrews@example.com', 'andrews', 'ian', '2329 marsh ln', 'devonport', 'northern territory', '12319', 'muscle', '02-0988-3237', 0),
(971750433, 'jane.willis@example.com', 'willis', 'jane', '2886 frances ct', 'traralgon', 'australian capital territory', '81817', 'cypress', '00-4540-4491', 0),
(972065030, 'aaron.perez@example.com', 'perez', 'aaron', '5977 oak ridge ln', 'bundaberg', 'south australia', '86587', 'electric', '05-7435-7963', 0),
(972495528, 'julian.price@example.com', 'price', 'julian', '5729 photinia ave', 'melbourne', 'victoria', '48189', 'qwerty123', '06-7731-8111', 0),
(972500905, 'clifton.silva@example.com', 'silva', 'clifton', '4529 dane st', 'albury', 'new south wales', '15746', 'handball', '06-9258-3454', 0),
(974721745, 'deanna.ward@example.com', 'ward', 'deanna', '4404 frances ct', 'coffs harbour', 'victoria', '94184', 'elephant', '06-8476-9912', 0),
(975106105, 'joy.phillips@example.com', 'phillips', 'joy', '3032 spring st', 'launceston', 'queensland', '16046', 'longbow', '05-5154-8846', 0),
(975144709, 'tim.fernandez@example.com', 'fernandez', 'tim', '5599 dane st', 'hobart', 'western australia', '73500', 'paris1', '05-3791-2042', 0),
(975425745, 'hector.hamilton@example.com', 'hamilton', 'hector', '2788 avondale ave', 'australian capital territory', 'western australia', '59404', 'labtec', '06-7093-9991', 0),
(975756396, 'laurie.hoffman@example.com', 'hoffman', 'laurie', '3218 robinson rd', 'maitland', 'new south wales', '95345', 'obsidian', '02-6516-1361', 0),
(978965011, 'calvin.stevens@example.com', 'stevens', 'calvin', '3699 spring st', 'rockhampton', 'tasmania', '56411', 'chance', '03-5443-2217', 0),
(979451396, 'irene.davidson@example.com', 'davidson', 'irene', '8879 hunters creek dr', 'melbourne', 'northern territory', '60955', 'insomnia', '00-3729-4270', 0),
(979862293, 'ross.simpson@example.com', 'simpson', 'ross', '8551 college st', 'rockhampton', 'victoria', '79389', 'jjjjjjjj', '04-0831-4505', 0),
(980845620, 'lauren.brewer@example.com', 'brewer', 'lauren', '7916 w gray st', 'busselton', 'victoria', '72891', 'birdman', '05-6488-9175', 0),
(980857272, 'mathew.henderson@example.com', 'henderson', 'mathew', '6872 valley view ln', 'warragul', 'northern territory', '64308', 'highland', '00-6345-5476', 0),
(982024853, 'ashley.chambers@example.com', 'chambers', 'ashley', '5996 bruce st', 'toowoomba', 'victoria', '16006', 'titty', '00-7566-3857', 0),
(982327607, 'hilda.simpson@example.com', 'simpson', 'hilda', '4513 marsh ln', 'warrnambool', 'queensland', '32063', 'm5wkqf', '04-1899-9965', 0),
(982634430, 'freddie.miles@example.com', 'miles', 'freddie', '6102 central st', 'port macquarie', 'south australia', '27316', 'skiing', '00-4108-4006', 0),
(984287737, 'noah.lowe@example.com', 'lowe', 'noah', '4625 wycliff ave', 'geraldton', 'new south wales', '25791', 'tardis', '02-9191-0537', 0),
(984897932, 'peyton.barrett@example.com', 'barrett', 'peyton', '3830 smokey ln', 'mildura', 'south australia', '26928', 'think', '01-1847-3407', 0),
(985383262, 'marvin.ortiz@example.com', 'ortiz', 'marvin', '5571 washington ave', 'albury', 'new south wales', '19107', 'small', '04-4332-3001', 0),
(985564566, 'edgar.myers@example.com', 'myers', 'edgar', '7513 e north st', 'ballarat', 'northern territory', '33139', 'bombers', '09-8321-2454', 0),
(985821598, 'jeff.cooper@example.com', 'cooper', 'jeff', '3930 college st', 'townsville', 'victoria', '86949', 'cottage', '01-7602-8122', 0),
(986419499, 'christine.cole@example.com', 'cole', 'christine', '3559 valwood pkwy', 'dubbo', 'south australia', '94132', 'digital1', '01-6490-0061', 0),
(987201819, 'angel.howell@example.com', 'howell', 'angel', '3128 sunset st', 'nowra', 'new south wales', '56302', 'weekend', '02-5910-0732', 0),
(987415435, 'shelly.neal@example.com', 'neal', 'shelly', '3764 e center st', 'australian capital territory', 'victoria', '66287', 'happy2', '08-7180-4284', 1),
(988401604, 'jennie.arnold@example.com', 'arnold', 'jennie', '1765 valwood pkwy', 'toowoomba', 'victoria', '80457', 'carter', '01-9911-2609', 0),
(989028400, 'everett.rose@example.com', 'rose', 'everett', '2669 w belt line rd', 'nowra', 'south australia', '41164', 'keepout', '04-3186-6504', 0),
(989898603, 'bob.hansen@example.com', 'hansen', 'bob', '9176 spring st', 'toowoomba', 'australian capital territory', '11883', 'jackson1', '06-9498-0611', 0),
(990028794, 'roberto.may@example.com', 'may', 'roberto', '5137 robinson rd', 'rockhampton', 'south australia', '96980', 'rick', '07-9632-5333', 2),
(990604146, 'chester.andrews@example.com', 'andrews', 'chester', '9238 bollinger rd', 'adelaide', 'new south wales', '63313', 'fright', '02-3668-9638', 0),
(990632027, 'adam.castro@example.com', 'castro', 'adam', '9252 mcclellan rd', 'wagga wagga', 'new south wales', '45919', 'dieter', '05-9959-3231', 0),
(990827654, 'dylan.howard@example.com', 'howard', 'dylan', '9095 elgin st', 'hobart', 'northern territory', '59596', 'tyson', '03-6031-5054', 0),
(991247469, 'jennie.thompson@example.com', 'thompson', 'jennie', '6580 robinson rd', 'perth', 'tasmania', '31883', 'buffalo1', '09-6978-3279', 0),
(991546970, 'lori.johnston@example.com', 'johnston', 'lori', '1370 depaul dr', 'adelaide', 'northern territory', '28718', 'bbbb', '02-3015-8342', 0),
(991598976, 'tom.alvarez@example.com', 'alvarez', 'tom', '3474 timber wolf trail', 'orange', 'western australia', '85507', 'coventry', '06-8541-4331', 0),
(991860454, 'gail.wright@example.com', 'wright', 'gail', '3007 w campbell ave', 'shepparton', 'western australia', '73514', 'tyrone', '02-1282-1543', 0),
(991874750, 'walter.carpenter@example.com', 'carpenter', 'walter', '7995 taylor st', 'townsville', 'queensland', '85291', 'hollywoo', '07-0168-2032', 0),
(992478821, 'jimmie.jimenez@example.com', 'jimenez', 'jimmie', '4181 rolling green rd', 'maitland', 'western australia', '44136', 'uuuuuuu', '01-4544-7049', 0),
(992785628, 'gilbert.carter@example.com', 'carter', 'gilbert', '1031 rolling green rd', 'kalgoorlie', 'queensland', '54986', 'washburn', '04-6120-2604', 0),
(992927123, 'kathryn.walker@example.com', 'walker', 'kathryn', '4497 w campbell ave', 'geelong', 'northern territory', '63054', 'bishop', '06-2142-6489', 0),
(993137850, 'willard.graves@example.com', 'graves', 'willard', '5068 forest ln', 'geelong', 'australian capital territory', '66248', 'mahler', '01-6985-0886', 0),
(993147815, 'edwin.henderson@example.com', 'henderson', 'edwin', '1059 shady ln dr', 'queanbeyan', 'tasmania', '18903', 'duchess', '02-7224-7966', 0),
(994285744, 'lori.medina@example.com', 'medina', 'lori', '6469 lone wolf trail', 'busselton', 'western australia', '98715', 'marcus', '06-6372-4266', 0),
(994849769, 'jeanne.dunn@example.com', 'dunn', 'jeanne', '3084 miller ave', 'australian capital territory', 'northern territory', '44892', 'martine', '04-4650-9566', 0),
(995428238, 'ann.hicks@example.com', 'hicks', 'ann', '4158 prospect rd', 'tamworth', 'south australia', '60057', 'killers', '00-6751-3979', 0),
(995913232, 'bella.miller@example.com', 'miller', 'bella', '6569 nowlin rd', 'ballarat', 'australian capital territory', '72913', 'team', '05-0548-1730', 0),
(996257628, 'vicki.carlson@example.com', 'carlson', 'vicki', '8232 paddock way', 'busselton', 'western australia', '55961', 'crunch', '08-5848-1588', 0),
(997298365, 'crystal.vargas@example.com', 'vargas', 'crystal', '6763 stevens creek blvd', 'kalgoorlie', 'new south wales', '34766', 'orange1', '06-3420-5164', 2),
(997708601, 'bernice.black@example.com', 'black', 'bernice', '8454 spring st', 'port macquarie', 'queensland', '31810', 'nancy1', '05-5026-9581', 0),
(999568422, 'victor.white@example.com', 'white', 'victor', '8990 timber wolf trail', 'cairns', 'tasmania', '27627', 'randy', '00-8997-2495', 0),
(999648078, 'lucy.bradley@example.com', 'bradley', 'lucy', '1275 e pecan st', 'adelaide', 'western australia', '72306', 'maryjane', '05-3475-1113', 0),
(1000159552, 'andrew.rodriquez@example.com', 'rodriquez', 'andrew', '6657 woodland st', 'albury', 'queensland', '30644', 'stardust', '03-9470-2307', 0),
(1000725100, 'tara.wheeler@example.com', 'wheeler', 'tara', '3080 ranchview dr', 'port macquarie', 'new south wales', '66241', 'trance', '09-4826-6821', 0),
(1000794719, 'alexis.howard@example.com', 'howard', 'alexis', '8182 camden ave', 'bowral', 'tasmania', '61704', 'budman', '09-0999-1498', 0),
(1000918641, 'sandra.nichols@example.com', 'nichols', 'sandra', '9339 railroad st', 'cairns', 'western australia', '78978', 'fruit', '04-1196-5407', 0),
(1001138472, 'terrence.knight@example.com', 'knight', 'terrence', '2019 green rd', 'coffs harbour', 'new south wales', '38640', 'lazarus', '00-9391-2554', 0),
(1002090676, 'ted.bryant@example.com', 'bryant', 'ted', '7801 e little york rd', 'kalgoorlie', 'australian capital territory', '24965', 'windsurf', '07-0954-0602', 0),
(1002365157, 'joe.rodriguez@example.com', 'rodriguez', 'joe', '9211 hickory creek dr', 'toowoomba', 'northern territory', '99931', 'jester', '04-2136-4769', 0),
(1002636923, 'gavin.mckinney@example.com', 'mckinney', 'gavin', '4045 edwards rd', 'bundaberg', 'victoria', '17558', 'thumb', '02-1054-7399', 0),
(1002857235, 'levi.hawkins@example.com', 'hawkins', 'levi', '3942 locust rd', 'kalgoorlie', 'new south wales', '41524', 'william1', '04-0659-5375', 0),
(1002943867, 'roland.fields@example.com', 'fields', 'roland', '5285 valwood pkwy', 'albany', 'queensland', '18632', 'randy1', '03-4264-3005', 0),
(1003812600, 'hailey.arnold@example.com', 'arnold', 'hailey', '6586 hunters creek dr', 'bendigo', 'new south wales', '18538', 'spears', '09-1820-1742', 0),
(1004259991, 'regina.barnett@example.com', 'barnett', 'regina', '3441 w 6th st', 'tweed', 'victoria', '15568', '303030', '07-5402-2923', 0),
(1004460230, 'eddie.gilbert@example.com', 'gilbert', 'eddie', '8012 samaritan dr', 'bendigo', 'south australia', '45443', 'july', '04-8560-0227', 0),
(1005667857, 'bryan.roberts@example.com', 'roberts', 'bryan', '8220 w dallas st', 'dubbo', 'northern territory', '27493', 'dragoon', '00-7044-0473', 0),
(1005909238, 'claudia.medina@example.com', 'medina', 'claudia', '4430 locust rd', 'bendigo', 'western australia', '90075', 'harmony', '07-2154-5801', 0),
(1006066999, 'brianna.nichols@example.com', 'nichols', 'brianna', '2547 daisy dr', 'warrnambool', 'australian capital territory', '55050', 'iverson', '08-6520-1400', 0),
(1006447670, 'stacy.mckinney@example.com', 'mckinney', 'stacy', '8436 samaritan dr', 'tweed', 'australian capital territory', '50231', 'bike', '01-4639-3009', 0),
(1006528440, 'lucy.hale@example.com', 'hale', 'lucy', '9740 westheimer rd', 'cairns', 'northern territory', '44852', 'akira', '09-5424-0442', 0),
(1006951287, 'samuel.hopkins@example.com', 'hopkins', 'samuel', '5383 samaritan dr', 'geelong', 'western australia', '43798', 'reeves', '09-9163-8061', 0),
(1007254892, 'john.gonzalez@example.com', 'gonzalez', 'john', '9928 washington ave', 'australian capital territory', 'australian capital territory', '18290', 'soleil', '05-2099-9994', 0),
(1008235528, 'brian.lewis@example.com', 'lewis', 'brian', '5928 washington ave', 'bendigo', 'northern territory', '25657', 'suck', '08-7217-9937', 2),
(1008812365, 'valerie.ramirez@example.com', 'ramirez', 'valerie', '4489 groveland terrace', 'wagga wagga', 'tasmania', '78287', 'bassman', '01-7443-0382', 0),
(1009598546, 'jordan.duncan@example.com', 'duncan', 'jordan', '1509 spring hill rd', 'bundaberg', 'australian capital territory', '59155', 'boobs', '07-8046-7953', 0),
(1009705784, 'dolores.murray@example.com', 'murray', 'dolores', '2735 spring hill rd', 'tweed', 'western australia', '14706', 'anna', '04-7671-7999', 0),
(1010647566, 'ian.sullivan@example.com', 'sullivan', 'ian', '5221 hillcrest rd', 'albury', 'new south wales', '18558', 'tttttttt', '09-2689-7417', 0),
(1011411540, 'marvin.boyd@example.com', 'boyd', 'marvin', '2284 forest ln', 'hobart', 'tasmania', '57093', 'fraser', '07-9558-4871', 0),
(1012100817, 'jeremiah.elliott@example.com', 'elliott', 'jeremiah', '5620 dogwood ave', 'bendigo', 'queensland', '95912', 'elvis', '07-2194-1166', 0),
(1012656462, 'celina.powell@example.com', 'powell', 'celina', '8985 pecan acres ln', 'perth', 'new south wales', '22134', 'chuo', '09-8238-5654', 0),
(1013667538, 'diane.peters@example.com', 'peters', 'diane', '5633 cherry st', 'orange', 'australian capital territory', '34688', 'mazdarx7', '00-6659-2579', 0),
(1014641936, 'aubrey.collins@example.com', 'collins', 'aubrey', '4383 nowlin rd', 'bunbury', 'western australia', '88462', 'maestro', '06-1420-7881', 0),
(1015481130, 'bruce.morgan@example.com', 'morgan', 'bruce', '6187 adams st', 'warrnambool', 'australian capital territory', '28065', 'mcdonald', '05-8372-6139', 0),
(1016161914, 'arnold.montgomery@example.com', 'montgomery', 'arnold', '6931 crockett st', 'mackay', 'northern territory', '93589', 'presario', '03-1603-3255', 0),
(1016435381, 'howard.shaw@example.com', 'shaw', 'howard', '1925 wycliff ave', 'bundaberg', 'australian capital territory', '41559', 'jimmy1', '04-6358-7771', 0),
(1017253265, 'tom.payne@example.com', 'payne', 'tom', '6264 thornridge cir', 'sydney', 'northern territory', '99949', 'mustang', '09-6877-0284', 0),
(1017822026, 'ethan.hernandez@example.com', 'hernandez', 'ethan', '4878 photinia ave', 'bowral', 'western australia', '44836', 'angelo', '02-9182-8152', 0),
(1020963032, 'hunter.wade@example.com', 'wade', 'hunter', '8479 homestead rd', 'melbourne', 'queensland', '91091', '555555', '02-3432-0219', 0),
(1022205429, 'holly.garcia@example.com', 'garcia', 'holly', '1734 parker rd', 'devonport', 'victoria', '19600', 'dodge', '04-4158-6616', 0),
(1022443424, 'joseph.fields@example.com', 'fields', 'joseph', '6335 sunset st', 'bundaberg', 'tasmania', '68913', 'newpass6', '01-9362-1490', 0),
(1022473500, 'sofia.holland@example.com', 'holland', 'sofia', '6356 blossom hill rd', 'adelaide', 'northern territory', '80870', 'hoosiers', '02-7578-7909', 0),
(1022732540, 'judith.alvarez@example.com', 'alvarez', 'judith', '2572 first street', 'nowra', 'south australia', '54976', 'philippe', '00-3839-3166', 0),
(1023154555, 'alicia.flores@example.com', 'flores', 'alicia', '7626 e sandy lake rd', 'hervey bay', 'queensland', '61615', 'yvonne', '06-4290-4175', 0),
(1023229895, 'edward.larson@example.com', 'larson', 'edward', '7902 e little york rd', 'geraldton', 'south australia', '90819', 'grateful', '06-5177-3069', 0),
(1023610941, 'tom.johnson@example.com', 'johnson', 'tom', '6759 taylor st', 'bundaberg', 'queensland', '43302', 'paradox', '02-3798-2705', 0),
(1023726571, 'alfred.graham@example.com', 'graham', 'alfred', '4904 elgin st', 'gladstone', 'tasmania', '22626', 'firefigh', '01-7782-1736', 0),
(1024736186, 'ashley.grant@example.com', 'grant', 'ashley', '5486 locust rd', 'mackay', 'western australia', '79913', 'yellow1', '09-4678-1881', 0),
(1024917113, 'dave.hudson@example.com', 'hudson', 'dave', '8129 crockett st', 'hervey bay', 'victoria', '87100', 'abcdefgh', '09-5487-6464', 0),
(1025371562, 'lillian.wood@example.com', 'wood', 'lillian', '9858 elgin st', 'traralgon', 'queensland', '45772', 'word', '05-1052-4545', 0),
(1025902857, 'marc.reynolds@example.com', 'reynolds', 'marc', '2958 sunset st', 'bundaberg', 'australian capital territory', '60139', 'champion', '08-9032-4136', 0),
(1025933836, 'raul.johnston@example.com', 'johnston', 'raul', '5431 hillcrest rd', 'hervey bay', 'south australia', '67173', 'xian', '05-9988-6509', 0),
(1026342724, 'flenn.jennings@example.com', 'jennings', 'flenn', '4302 thornridge cir', 'kalgoorlie', 'victoria', '10681', 'passwd', '09-6382-3685', 0),
(1027054503, 'pedro.reynolds@example.com', 'reynolds', 'pedro', '7812 e pecan st', 'shepparton', 'northern territory', '75287', 'chippy', '04-8577-6769', 0),
(1027357414, 'carole.lambert@example.com', 'lambert', 'carole', '4359 hunters creek dr', 'perth', 'australian capital territory', '77733', 'finder', '02-9654-5310', 0),
(1027801140, 'timmothy.holmes@example.com', 'holmes', 'timmothy', '1320 dogwood ave', 'dubbo', 'western australia', '62891', 'smile', '06-4021-0360', 1),
(1027868135, 'regina.hansen@example.com', 'hansen', 'regina', '7829 groveland terrace', 'geelong', 'australian capital territory', '28701', 'legs', '06-1705-4607', 0),
(1028003673, 'yvonne.jennings@example.com', 'jennings', 'yvonne', '5596 shady ln dr', 'toowoomba', 'tasmania', '91060', 'ncc1701d', '08-7751-6555', 0),
(1028124880, 'tara.austin@example.com', 'austin', 'tara', '7590 locust rd', 'wollongong', 'northern territory', '24085', 'carl', '00-1615-4804', 0),
(1028549302, 'dale.daniels@example.com', 'daniels', 'dale', '2332 dogwood ave', 'wagga wagga', 'australian capital territory', '37426', 'whiskey', '09-4302-4666', 0),
(1028670425, 'javier.hughes@example.com', 'hughes', 'javier', '7964 pecan acres ln', 'bunbury', 'northern territory', '96987', '1x2zkg8w', '05-5037-9816', 0),
(1028950535, 'gina.white@example.com', 'white', 'gina', '2670 locust rd', 'mildura', 'queensland', '86514', 'jimmy1', '02-0489-6145', 0),
(1029528978, 'alfred.reed@example.com', 'reed', 'alfred', '3407 oak lawn ave', 'port macquarie', 'northern territory', '38516', 'gustav', '04-5982-4294', 0),
(1029926305, 'ethel.graves@example.com', 'graves', 'ethel', '9196 bollinger rd', 'ballarat', 'queensland', '43149', 'vince', '07-1839-4270', 0),
(1030179053, 'joseph.watson@example.com', 'watson', 'joseph', '8192 washington ave', 'tamworth', 'new south wales', '13331', 'phoenix1', '05-5310-5130', 0),
(1030901935, 'derek.stephens@example.com', 'stephens', 'derek', '9812 lone wolf trail', 'warragul', 'queensland', '31927', '424242', '09-1680-7459', 0),
(1031349498, 'jared.schmidt@example.com', 'schmidt', 'jared', '2266 e sandy lake rd', 'wagga wagga', 'victoria', '60351', 'chivas', '05-5418-8185', 0),
(1031410565, 'norman.lambert@example.com', 'lambert', 'norman', '6738 homestead rd', 'geelong', 'new south wales', '13483', 'tasha1', '07-6996-6694', 0),
(1031971599, 'logan.mills@example.com', 'mills', 'logan', '2326 groveland terrace', 'dubbo', 'south australia', '24426', 'judy', '00-8718-1787', 0),
(1032665334, 'melvin.gordon@example.com', 'gordon', 'melvin', '5123 adams st', 'australian capital territory', 'australian capital territory', '18783', 'orion', '01-1490-4642', 0),
(1032872418, 'priscilla.kennedy@example.com', 'kennedy', 'priscilla', '2346 prospect rd', 'ballarat', 'queensland', '87945', 'texas1', '07-9620-4283', 0),
(1033308129, 'tim.reed@example.com', 'reed', 'tim', '4095 hillcrest rd', 'devonport', 'australian capital territory', '84873', 'nichole', '02-0111-5571', 0),
(1033845440, 'hilda.ramos@example.com', 'ramos', 'hilda', '7254 forest ln', 'busselton', 'northern territory', '51101', 'megan1', '04-0499-8901', 0),
(1034019704, 'letitia.brewer@example.com', 'brewer', 'letitia', '2887 royal ln', 'warrnambool', 'new south wales', '41330', 'garcia', '03-3054-5689', 0),
(1034292576, 'jennifer.evans@example.com', 'evans', 'jennifer', '5614 n stelling rd', 'nowra', 'australian capital territory', '37154', 'israel', '05-7164-5348', 0),
(1034573487, 'byron.chapman@example.com', 'chapman', 'byron', '3948 saddle dr', 'brisbane', 'western australia', '74328', 'bunnies', '00-6046-0683', 0),
(1035122053, 'edith.weaver@example.com', 'weaver', 'edith', '5379 pockrus page rd', 'wollongong', 'queensland', '47380', 'slick', '05-9972-5487', 0),
(1035406950, 'arianna.warren@example.com', 'warren', 'arianna', '3389 timber wolf trail', 'hervey bay', 'south australia', '32477', 'timber', '05-2969-0584', 0),
(1035632477, 'norman.owens@example.com', 'owens', 'norman', '6524 eason rd', 'queanbeyan', 'queensland', '10389', 'quantum', '02-0436-9553', 0),
(1036455004, 'miguel.long@example.com', 'long', 'miguel', '5857 nowlin rd', 'devonport', 'tasmania', '61246', 'eminem', '01-9337-4985', 0),
(1037097921, 'alexa.gilbert@example.com', 'gilbert', 'alexa', '1473 sunset st', 'townsville', 'new south wales', '45083', 'george', '02-4244-8946', 0),
(1040266257, 'nora.roberts@example.com', 'roberts', 'nora', '9050 spring hill rd', 'melbourne', 'tasmania', '74206', 'clowns', '06-8995-4184', 0),
(1040291213, 'roy.thomas@example.com', 'thomas', 'roy', '2163 country club rd', 'maitland', 'south australia', '85840', 'bailey', '06-6251-6889', 0),
(1040333540, 'wilma.clark@example.com', 'clark', 'wilma', '9762 cherry st', 'nowra', 'south australia', '24554', 'qiao', '06-1893-5236', 0),
(1040734764, 'joan.snyder@example.com', 'snyder', 'joan', '8131 white oak dr', 'orange', 'victoria', '11715', 'simple1', '03-4949-1480', 0),
(1041508041, 'deanna.reed@example.com', 'reed', 'deanna', '1525 eason rd', 'warragul', 'new south wales', '57286', 'breast', '01-4214-1637', 0),
(1042215988, 'neil.butler@example.com', 'butler', 'neil', '7593 pockrus page rd', 'traralgon', 'queensland', '43649', 'mmmm', '09-0419-5373', 0),
(1042663089, 'scott.brewer@example.com', 'brewer', 'scott', '1591 preston rd', 'bundaberg', 'victoria', '81881', '1701', '09-0629-3846', 0),
(1042927082, 'catherine.barrett@example.com', 'barrett', 'catherine', '2562 avondale ave', 'mackay', 'tasmania', '70574', 'kendra', '02-5317-0627', 0),
(1043752991, 'jim.chapman@example.com', 'chapman', 'jim', '8419 e little york rd', 'geraldton', 'australian capital territory', '13669', 'munchkin', '04-3782-4641', 0),
(1048008962, 'javier.bishop@example.com', 'bishop', 'javier', '1373 n stelling rd', 'tweed', 'victoria', '52351', 'overkill', '02-2495-2290', 0),
(1048334273, 'addison.hunter@example.com', 'hunter', 'addison', '1386 wycliff ave', 'queanbeyan', 'south australia', '53542', 'usmc', '07-3846-0603', 0),
(1048820155, 'georgia.vasquez@example.com', 'vasquez', 'georgia', '1644 smokey ln', 'sydney', 'new south wales', '29910', 'circus', '00-3695-1152', 0),
(1050284731, 'jose.davis@example.com', 'davis', 'jose', '3617 forest ln', 'ballarat', 'northern territory', '64444', 'sage', '09-0371-9042', 0),
(1052266382, 'elijah.stone@example.com', 'stone', 'elijah', '8904 northaven rd', 'wagga wagga', 'western australia', '37754', 'impreza', '06-8534-7190', 0),
(1052315136, 'gwendolyn.gilbert@example.com', 'gilbert', 'gwendolyn', '1009 daisy dr', 'darwin', 'australian capital territory', '84805', 'missy1', '06-2404-1781', 0),
(1053161259, 'roberto.morrison@example.com', 'morrison', 'roberto', '4840 valley view ln', 'hobart', 'new south wales', '16991', 'insanity', '08-4363-5764', 0),
(1053652735, 'peggy.howard@example.com', 'howard', 'peggy', '3973 james st', 'ballarat', 'victoria', '90844', 'kerry', '04-9727-6682', 0),
(1054758851, 'diane.washington@example.com', 'washington', 'diane', '4514 valwood pkwy', 'mackay', 'northern territory', '63710', 'klingon', '05-6900-8415', 0),
(1054934263, 'nicholas.fleming@example.com', 'fleming', 'nicholas', '6649 locust rd', 'kalgoorlie', 'australian capital territory', '46695', 'clarinet', '00-0041-1424', 0),
(1055977754, 'salvador.campbell@example.com', 'campbell', 'salvador', '9991 pecan acres ln', 'tamworth', 'victoria', '64669', 'shepherd', '07-5364-9623', 0),
(1057233440, 'lee.butler@example.com', 'butler', 'lee', '8490 photinia ave', 'nowra', 'new south wales', '11346', 'twelve', '04-8229-6760', 0),
(1058303951, 'brianna.thompson@example.com', 'thompson', 'brianna', '2985 james st', 'maitland', 'new south wales', '21162', 'patrick', '03-4718-9842', 0),
(1060809701, 'anthony.moore@example.com', 'moore', 'anthony', '4874 walnut hill ln', 'rockhampton', 'queensland', '25021', 'brando', '06-7485-4782', 0),
(1060978498, 'edward.rose@example.com', 'rose', 'edward', '1510 northaven rd', 'bendigo', 'australian capital territory', '46095', 'fishhead', '03-5241-7725', 0),
(1062073545, 'dwayne.chapman@example.com', 'chapman', 'dwayne', '5778 w dallas st', 'hobart', 'queensland', '36344', '1943', '00-3736-5278', 0),
(1062206460, 'liam.cole@example.com', 'cole', 'liam', '9307 samaritan dr', 'ballarat', 'tasmania', '54758', 'munchkin', '09-9748-7565', 0),
(1062746934, 'lee.meyer@example.com', 'meyer', 'lee', '4456 mockingbird hill', 'bendigo', 'tasmania', '15923', 'flame', '01-2728-7088', 0),
(1063690321, 'jeanne.beck@example.com', 'beck', 'jeanne', '7696 mockingbird hill', 'bowral', 'tasmania', '56803', 'horton', '09-1706-4752', 0),
(1063925082, 'mark.patterson@example.com', 'patterson', 'mark', '1933 oak lawn ave', 'albany', 'western australia', '99103', 'tottenha', '09-1289-3095', 0),
(1063944959, 'linda.grant@example.com', 'grant', 'linda', '9915 bollinger rd', 'australian capital territory', 'south australia', '39158', 'dupont', '05-7717-9131', 0),
(1064535742, 'barry.wells@example.com', 'wells', 'barry', '3583 e sandy lake rd', 'australian capital territory', 'south australia', '46319', 'chavez', '02-3535-7549', 0),
(1065833963, 'margie.jordan@example.com', 'jordan', 'margie', '9264 hamilton ave', 'warragul', 'tasmania', '42371', '187187', '01-0420-9639', 0),
(1066142405, 'warren.gibson@example.com', 'gibson', 'warren', '8312 avondale ave', 'busselton', 'tasmania', '52854', 'sandro', '03-0531-8636', 0),
(1068565565, 'gladys.wilson@example.com', 'wilson', 'gladys', '9125 w gray st', 'darwin', 'queensland', '97005', 'lisa', '03-1409-0427', 0),
(1068622423, 'pearl.walters@example.com', 'walters', 'pearl', '3042 nowlin rd', 'cairns', 'queensland', '18541', 'magic32', '00-6961-0099', 1),
(1069234860, 'sue.pearson@example.com', 'pearson', 'sue', '4270 paddock way', 'sydney', 'victoria', '25946', 'thing', '05-8430-2881', 0),
(1069462845, 'byron.simmmons@example.com', 'simmmons', 'byron', '5041 karen dr', 'devonport', 'queensland', '40505', 'simpson', '01-9864-9056', 0),
(1069475406, 'christian.wheeler@example.com', 'wheeler', 'christian', '3913 w belt line rd', 'mackay', 'northern territory', '21097', 'lolo', '05-3774-4602', 0),
(1069783082, 'gertrude.frazier@example.com', 'frazier', 'gertrude', '2252 royal ln', 'launceston', 'tasmania', '21843', 'sabrina', '07-4324-0860', 0),
(1069787606, 'mark.rivera@example.com', 'rivera', 'mark', '6352 karen dr', 'traralgon', 'queensland', '66362', 'nomad', '07-8281-5589', 0),
(1070232161, 'francisco.ortiz@example.com', 'ortiz', 'francisco', '8597 prospect rd', 'geraldton', 'australian capital territory', '38648', 'fuking', '00-0196-5522', 0),
(1070759124, 'sebastian.morgan@example.com', 'morgan', 'sebastian', '6356 woodland st', 'kalgoorlie', 'tasmania', '16371', 'hockey', '03-2358-2566', 0),
(1071120620, 'gene.stevens@example.com', 'stevens', 'gene', '8718 crockett st', 'orange', 'queensland', '34899', 'hotlips', '03-9396-4150', 0),
(1071125987, 'tonya.collins@example.com', 'collins', 'tonya', '5654 paddock way', 'sunshine coast', 'tasmania', '85149', 'jeremy1', '07-0442-9013', 0),
(1072024890, 'eleanor.martinez@example.com', 'martinez', 'eleanor', '4912 cackson st', 'albury', 'queensland', '43107', 'player1', '09-4767-7506', 0),
(1073787586, 'edna.neal@example.com', 'neal', 'edna', '9888 sunset st', 'geraldton', 'victoria', '79139', 'naughty', '06-2639-0845', 2),
(1074588557, 'sean.perry@example.com', 'perry', 'sean', '7920 camden ave', 'warragul', 'queensland', '66223', 'briggs', '08-8477-1681', 2),
(1074654819, 'soham.wade@example.com', 'wade', 'soham', '6643 washington ave', 'tamworth', 'tasmania', '81780', 'nathalie', '04-2718-5095', 0),
(1075116631, 'paul.wade@example.com', 'wade', 'paul', '5859 nowlin rd', 'cairns', 'tasmania', '85696', 'gabby', '06-7441-6380', 0),
(1076671351, 'avery.washington@example.com', 'washington', 'avery', '9268 first street', 'maitland', 'queensland', '74304', 'idontknow', '09-0797-9080', 0),
(1077414283, 'kyle.barnes@example.com', 'barnes', 'kyle', '6035 central st', 'port macquarie', 'tasmania', '44072', 'chui', '00-8839-7227', 0),
(1077813849, 'timmothy.perry@example.com', 'perry', 'timmothy', '9719 mcgowen st', 'hobart', 'queensland', '23126', 'accord', '02-0565-0266', 0),
(1077930280, 'susan.nguyen@example.com', 'nguyen', 'susan', '1911 forest ln', 'warrnambool', 'new south wales', '61422', 'wild', '09-6600-7950', 0),
(1078052899, 'terry.watkins@example.com', 'watkins', 'terry', '3828 brown terrace', 'kalgoorlie', 'northern territory', '24133', 'shao', '03-2716-6916', 2),
(1078355545, 'albert.olson@example.com', 'olson', 'albert', '3554 locust rd', 'sydney', 'northern territory', '78345', 'jumbo', '02-0497-7526', 0),
(1079458836, 'leslie.neal@example.com', 'neal', 'leslie', '1115 mcgowen st', 'rockhampton', 'australian capital territory', '63301', 'eagle', '01-5790-3256', 0),
(1080719368, 'miguel.johnston@example.com', 'johnston', 'miguel', '5131 hamilton ave', 'devonport', 'south australia', '91433', 'audia4', '02-9256-7871', 0),
(1083378391, 'melvin.anderson@example.com', 'anderson', 'melvin', '3466 preston rd', 'bathurst', 'tasmania', '55559', 'dingo', '07-2850-0974', 0),
(1083783639, 'constance.morgan@example.com', 'morgan', 'constance', '9921 w dallas st', 'shepparton', 'new south wales', '31142', 'sullivan', '05-8712-2701', 0),
(1083943727, 'jeanne.hall@example.com', 'hall', 'jeanne', '6565 homestead rd', 'hervey bay', 'victoria', '81977', 'worthy', '01-0784-3374', 0),
(1083961391, 'clinton.henry@example.com', 'henry', 'clinton', '9377 brown terrace', 'launceston', 'victoria', '88707', 'snowball', '01-7840-1607', 0),
(1084692153, 'michelle.bennett@example.com', 'bennett', 'michelle', '1552 eason rd', 'shepparton', 'new south wales', '51805', 'hello2', '04-6222-9250', 0),
(1085046805, 'marion.gregory@example.com', 'gregory', 'marion', '4277 adams st', 'wagga wagga', 'australian capital territory', '16192', 'busty', '02-9218-4793', 0),
(1085331804, 'julio.franklin@example.com', 'franklin', 'julio', '2230 plum st', 'bendigo', 'new south wales', '87146', 'julio', '01-6227-9155', 0),
(1085702410, 'cameron.henderson@example.com', 'henderson', 'cameron', '8057 bruce st', 'mackay', 'northern territory', '21307', 'sherwood', '09-8336-7595', 0),
(1086095696, 'cassandra.mcdonalid@example.com', 'mcdonalid', 'cassandra', '7586 hamilton ave', 'bendigo', 'western australia', '65278', 'snakes', '09-7587-0534', 0),
(1087390044, 'alfred.powell@example.com', 'powell', 'alfred', '2081 n stelling rd', 'dubbo', 'new south wales', '23845', 'scania', '00-4110-1937', 0),
(1088210653, 'caroline.pena@example.com', 'pena', 'caroline', '9225 first street', 'wagga wagga', 'queensland', '21726', 'paula', '09-6045-9583', 0),
(1088600429, 'gregory.powell@example.com', 'powell', 'gregory', '8664 thornridge cir', 'darwin', 'northern territory', '77269', 'amanda', '07-3728-1014', 0),
(1089306488, 'holly.miles@example.com', 'miles', 'holly', '9525 bruce st', 'mildura', 'northern territory', '30621', 'nellie', '06-0329-7652', 0),
(1089376392, 'isaac.burns@example.com', 'burns', 'isaac', '1462 lovers ln', 'shepparton', 'australian capital territory', '93873', 'kuan', '00-2900-6805', 0),
(1090468666, 'aaron.howard@example.com', 'howard', 'aaron', '9498 northaven rd', 'port macquarie', 'south australia', '58508', 'lewis', '05-4050-3675', 0),
(1090472408, 'olivia.owens@example.com', 'owens', 'olivia', '2199 bruce st', 'hervey bay', 'western australia', '42876', 'earth', '07-7293-6351', 0),
(1090616441, 'rene.mitchell@example.com', 'mitchell', 'rene', '7747 cackson st', 'toowoomba', 'western australia', '34390', 'orgasm', '04-2934-9643', 0),
(1091288247, 'travis.gomez@example.com', 'gomez', 'travis', '4949 hunters creek dr', 'nowra', 'new south wales', '37199', 'klondike', '06-3872-2233', 0),
(1091565693, 'michele.palmer@example.com', 'palmer', 'michele', '1238 miller ave', 'cairns', 'tasmania', '71447', '1954', '08-9383-4804', 0),
(1093006304, 'david.payne@example.com', 'payne', 'david', '1681 homestead rd', 'warrnambool', 'queensland', '25193', '8888', '01-7865-0421', 0),
(1093710559, 'allan.fisher@example.com', 'fisher', 'allan', '2000 oak ridge ln', 'bundaberg', 'tasmania', '36389', 'sunshine', '01-9937-9941', 0),
(1093833650, 'wyatt.mills@example.com', 'mills', 'wyatt', '6495 plum st', 'bowral', 'queensland', '40978', 'looney', '01-5531-0992', 0),
(1095390765, 'troy.larson@example.com', 'larson', 'troy', '4960 shady ln dr', 'warrnambool', 'queensland', '14275', '7777', '08-8132-3279', 0),
(1095390800, 'juanita.russell@example.com', 'russell', 'juanita', '8681 dogwood ave', 'traralgon', 'victoria', '54838', 'festival', '09-1795-9054', 0),
(1095452414, 'christine.walters@example.com', 'walters', 'christine', '8905 paddock way', 'bundaberg', 'western australia', '82375', 'rockie', '01-5584-5063', 0),
(1095563342, 'john.ross@example.com', 'ross', 'john', '2223 camden ave', 'geelong', 'western australia', '61531', 'tango', '04-3626-7242', 0),
(1095569444, 'heather.gonzales@example.com', 'gonzales', 'heather', '3363 depaul dr', 'hobart', 'northern territory', '67329', 'natasha', '03-5851-0486', 0),
(1096756791, 'mae.harvey@example.com', 'harvey', 'mae', '8517 crockett st', 'albany', 'tasmania', '65593', 'warning', '00-3997-8405', 0),
(1097147467, 'billie.patterson@example.com', 'patterson', 'billie', '4932 miller ave', 'ballarat', 'queensland', '92754', 'killian', '01-4619-1733', 0),
(1097640899, 'terry.terry@example.com', 'terry', 'terry', '8625 camden ave', 'toowoomba', 'northern territory', '27707', 'deadly', '08-7454-3937', 0),
(1098420848, 'allen.gregory@example.com', 'gregory', 'allen', '3678 lovers ln', 'hobart', 'northern territory', '22524', 'honeys', '00-2855-3489', 0),
(1098556626, 'jeffery.chapman@example.com', 'chapman', 'jeffery', '9066 preston rd', 'albury', 'tasmania', '90860', 'snake', '00-6120-3867', 0),
(1098743366, 'cecil.lewis@example.com', 'lewis', 'cecil', '7361 elgin st', 'geelong', 'western australia', '83016', 'fishfish', '09-0789-4831', 0),
(1099142249, 'christine.dunn@example.com', 'dunn', 'christine', '8937 preston rd', 'bowral', 'south australia', '67602', '1234567', '00-9637-1574', 0),
(1100174633, 'caroline.romero@example.com', 'romero', 'caroline', '9751 adams st', 'cairns', 'south australia', '87070', '1124', '07-4231-9739', 0),
(1100241025, 'shawn.stewart@example.com', 'stewart', 'shawn', '4274 w belt line rd', 'maitland', 'queensland', '93021', 'desert', '06-8271-4584', 0),
(1100494741, 'brennan.bell@example.com', 'bell', 'brennan', '5221 northaven rd', 'mackay', 'northern territory', '85694', 'clit', '05-5579-9177', 0),
(1101179310, 'sarah.lawrence@example.com', 'lawrence', 'sarah', '1574 shady ln dr', 'adelaide', 'tasmania', '57263', 'monster1', '00-8087-2409', 0),
(1101295026, 'mattie.shelton@example.com', 'shelton', 'mattie', '4425 dogwood ave', 'albany', 'new south wales', '42888', 'coffee', '01-6683-0850', 0),
(1101628592, 'micheal.daniels@example.com', 'daniels', 'micheal', '8300 taylor st', 'perth', 'tasmania', '36215', 'cookie1', '01-0663-7337', 0),
(1102153809, 'sophie.gonzalez@example.com', 'gonzalez', 'sophie', '3977 blossom hill rd', 'orange', 'northern territory', '47742', 'spoiled', '09-7624-1657', 0),
(1102613471, 'ross.green@example.com', 'green', 'ross', '4735 preston rd', 'coffs harbour', 'northern territory', '36529', 'schalke', '09-1573-2443', 0),
(1102820171, 'same.hopkins@example.com', 'hopkins', 'same', '1319 w sherman dr', 'sunshine coast', 'western australia', '36237', 'dancer', '06-0328-6167', 0),
(1102853373, 'anita.bennett@example.com', 'bennett', 'anita', '7311 robinson rd', 'kalgoorlie', 'australian capital territory', '11437', 'seadoo', '09-1837-7000', 0),
(1103087860, 'greg.fletcher@example.com', 'fletcher', 'greg', '8674 mockingbird ln', 'wagga wagga', 'western australia', '27325', 'unreal', '09-3702-1195', 0),
(1104033349, 'jennie.duncan@example.com', 'duncan', 'jennie', '1163 oak lawn ave', 'wollongong', 'western australia', '49639', 'bang', '09-6766-4729', 0);
INSERT INTO `Users` (`UUID`, `Email`, `LastName`, `FirstName`, `StreetAddress`, `City`, `State`, `ZipCode`, `Password`, `ContactPhone`, `RoleID`) VALUES
(1104457254, 'jerome.curtis@example.com', 'curtis', 'jerome', '6484 lakeview st', 'orange', 'new south wales', '41972', 'lllllll', '03-1961-6241', 0),
(1104681835, 'ricky.ward@example.com', 'ward', 'ricky', '1715 mcgowen st', 'melbourne', 'victoria', '91182', 'wheeler', '09-8607-8736', 0),
(1104719146, 'audrey.perkins@example.com', 'perkins', 'audrey', '4180 railroad st', 'darwin', 'south australia', '75988', 'patty', '08-9756-4116', 0),
(1104880062, 'jennie.griffin@example.com', 'griffin', 'jennie', '1037 bruce st', 'wagga wagga', 'northern territory', '12643', 'bell', '07-1064-8379', 0),
(1104923297, 'benjamin.knight@example.com', 'knight', 'benjamin', '3030 preston rd', 'traralgon', 'western australia', '58510', 'huskies', '06-7944-2255', 0),
(1105230523, 'becky.rice@example.com', 'rice', 'becky', '3561 n stelling rd', 'albany', 'south australia', '38690', 'encore', '02-0738-1356', 0),
(1105402171, 'henry.bates@example.com', 'bates', 'henry', '7061 hillcrest rd', 'darwin', 'new south wales', '87573', 'a123456', '01-5631-7188', 0),
(1106044584, 'joanne.burton@example.com', 'burton', 'joanne', '4002 saddle dr', 'shepparton', 'new south wales', '24332', 'jessie', '09-1129-5958', 0),
(1106356748, 'megan.garrett@example.com', 'garrett', 'megan', '9339 harrison ct', 'brisbane', 'northern territory', '40082', 'legos', '00-4478-0672', 0),
(1106757500, 'valerie.steward@example.com', 'steward', 'valerie', '1829 woodland st', 'queanbeyan', 'northern territory', '26167', 'hothot', '03-7127-2699', 0),
(1107343262, 'kurt.simpson@example.com', 'simpson', 'kurt', '1450 e pecan st', 'wollongong', 'queensland', '92097', 'zhao', '08-0483-8083', 0),
(1107628140, 'jamie.simmons@example.com', 'simmons', 'jamie', '3254 smokey ln', 'albany', 'australian capital territory', '81397', 'monitor', '06-5628-6150', 0),
(1107689552, 'myrtle.reynolds@example.com', 'reynolds', 'myrtle', '5569 locust rd', 'albury', 'south australia', '40570', 'mustard', '06-0963-0415', 0),
(1109930446, 'neil.schmidt@example.com', 'schmidt', 'neil', '7696 ash dr', 'port macquarie', 'victoria', '32821', 'philippe', '05-2590-6200', 0),
(1110015389, 'april.hayes@example.com', 'hayes', 'april', '8913 camden ave', 'wagga wagga', 'victoria', '44681', 'surfer1', '04-6115-1665', 0),
(1111995898, 'morris.torres@example.com', 'torres', 'morris', '3460 wycliff ave', 'maitland', 'australian capital territory', '30948', 'down', '05-5411-2951', 0),
(1113588419, 'katrina.daniels@example.com', 'daniels', 'katrina', '9044 samaritan dr', 'nowra', 'victoria', '22257', '818181', '08-2356-6277', 0),
(1115478549, 'elizabeth.gilbert@example.com', 'gilbert', 'elizabeth', '9806 w pecan st', 'sydney', 'northern territory', '25489', 'cbr900rr', '08-0224-8354', 0),
(1115524181, 'tyrone.weaver@example.com', 'weaver', 'tyrone', '3558 rolling green rd', 'sunshine coast', 'victoria', '37143', 'shei', '04-6510-1768', 0),
(1115573805, 'pamela.henderson@example.com', 'henderson', 'pamela', '8172 mockingbird hill', 'geelong', 'victoria', '72538', 'mars', '07-2961-4676', 0),
(1115705106, 'clarence.alexander@example.com', 'alexander', 'clarence', '7277 woodland st', 'perth', 'western australia', '43446', 'presley', '07-4954-3671', 0),
(1116072091, 'milton.armstrong@example.com', 'armstrong', 'milton', '7300 dogwood ave', 'warragul', 'australian capital territory', '98135', 'cong', '02-6498-6609', 0),
(1116270243, 'annie.hamilton@example.com', 'hamilton', 'annie', '1556 white oak dr', 'bunbury', 'new south wales', '27757', 'divers', '04-4975-3299', 0),
(1117297612, 'antonio.fuller@example.com', 'fuller', 'antonio', '6511 forest ln', 'australian capital territory', 'australian capital territory', '29163', 'newlife', '04-2734-8462', 0),
(1117533236, 'arron.hicks@example.com', 'hicks', 'arron', '9084 frances ct', 'warrnambool', 'queensland', '52078', 'surfer', '00-1899-5801', 0),
(1117711258, 'catherine.howard@example.com', 'howard', 'catherine', '2735 e center st', 'wollongong', 'new south wales', '25514', 'farscape', '09-5291-2260', 0),
(1118277750, 'isaiah.cox@example.com', 'cox', 'isaiah', '2996 lovers ln', 'bowral', 'northern territory', '55168', 'terminal', '02-2461-4565', 0),
(1118956899, 'mathew.beck@example.com', 'beck', 'mathew', '9077 w campbell ave', 'bowral', 'victoria', '54885', 'glasgow', '01-9869-8371', 0),
(1119029519, 'joel.clark@example.com', 'clark', 'joel', '6550 country club rd', 'port macquarie', 'tasmania', '68626', 'christin', '09-8221-0509', 0),
(1119898194, 'tanya.fletcher@example.com', 'fletcher', 'tanya', '8080 crockett st', 'albury', 'new south wales', '52643', '3x7pxr', '07-3548-8718', 0),
(1120296361, 'andre.ford@example.com', 'ford', 'andre', '4408 e north st', 'devonport', 'new south wales', '91779', 'festival', '06-3591-8626', 0),
(1120804976, 'ethel.roberts@example.com', 'roberts', 'ethel', '5027 e sandy lake rd', 'queanbeyan', 'northern territory', '19238', 'asdzxc', '01-4425-1203', 0),
(1120813257, 'alice.horton@example.com', 'horton', 'alice', '6386 prospect rd', 'geelong', 'south australia', '44502', 'novell', '02-7141-3967', 2),
(1120818999, 'felecia.hill@example.com', 'hill', 'felecia', '1234 n stelling rd', 'traralgon', 'south australia', '11751', 'magnum', '02-5531-2461', 0),
(1121514425, 'juan.ramirez@example.com', 'ramirez', 'juan', '5290 e little york rd', 'busselton', 'south australia', '85698', 'penguin', '07-0100-7837', 0),
(1121649835, 'don.fisher@example.com', 'fisher', 'don', '5937 taylor st', 'geelong', 'western australia', '64988', 'freedom1', '06-1698-1848', 0),
(1121996936, 'kent.campbell@example.com', 'campbell', 'kent', '1075 crockett st', 'wollongong', 'new south wales', '48121', 'wildcat', '03-5070-4015', 0),
(1122878114, 'frances.hawkins@example.com', 'hawkins', 'frances', '4877 dane st', 'mildura', 'australian capital territory', '88333', 'postal', '07-0520-3930', 0),
(1123624158, 'jamie.cunningham@example.com', 'cunningham', 'jamie', '3117 white oak dr', 'townsville', 'south australia', '91250', 'shower', '01-8711-7209', 0),
(1123907892, 'mildred.bates@example.com', 'bates', 'mildred', '3203 lovers ln', 'queanbeyan', 'queensland', '67734', 'dewalt', '01-5921-1248', 0),
(1124168473, 'julie.jacobs@example.com', 'jacobs', 'julie', '2158 e sandy lake rd', 'orange', 'new south wales', '48824', 'ripple', '08-2525-7197', 0),
(1125087292, 'alma.barnes@example.com', 'barnes', 'alma', '9210 crockett st', 'orange', 'south australia', '42734', 'reebok', '00-9967-3123', 0),
(1125553570, 'shelly.barrett@example.com', 'barrett', 'shelly', '6970 country club rd', 'mildura', 'south australia', '25472', 'misfits', '05-7114-7180', 0),
(1125582018, 'wade.lopez@example.com', 'lopez', 'wade', '4964 green rd', 'port macquarie', 'south australia', '36013', 'oliver', '05-1989-4874', 0),
(1125588631, 'angel.harris@example.com', 'harris', 'angel', '3977 e pecan st', 'australian capital territory', 'queensland', '10883', 'goober', '07-3226-2632', 0),
(1125764058, 'cherly.holmes@example.com', 'holmes', 'cherly', '6644 timber wolf trail', 'tamworth', 'western australia', '25272', 'smokes', '03-5722-6059', 0),
(1126045092, 'arron.stone@example.com', 'stone', 'arron', '6271 mockingbird ln', 'hobart', 'south australia', '53505', 'monk', '00-7314-6341', 0),
(1126966405, 'brent.jordan@example.com', 'jordan', 'brent', '4160 mcgowen st', 'bunbury', 'queensland', '78808', 'mulder', '05-5528-1901', 0),
(1127280915, 'carrie.harper@example.com', 'harper', 'carrie', '5825 daisy dr', 'busselton', 'south australia', '88500', 'tito', '09-5721-9427', 0),
(1127362931, 'lesa.welch@example.com', 'welch', 'lesa', '9847 samaritan dr', 'melbourne', 'south australia', '19779', 'dontknow', '02-5307-9660', 0),
(1128898292, 'joyce.armstrong@example.com', 'armstrong', 'joyce', '8275 w campbell ave', 'bathurst', 'new south wales', '31195', 'kappa', '06-0576-5928', 2),
(1128985947, 'alice.lewis@example.com', 'lewis', 'alice', '5384 cherry st', 'adelaide', 'western australia', '20928', 'mybaby', '00-1599-7947', 0),
(1129127813, 'sylvia.wright@example.com', 'wright', 'sylvia', '3135 w campbell ave', 'townsville', 'tasmania', '52696', 'zurich', '01-2078-2782', 0),
(1129459590, 'carmen.martin@example.com', 'martin', 'carmen', '5721 mcclellan rd', 'dubbo', 'australian capital territory', '41144', 'sambo', '05-4424-9153', 0),
(1129587504, 'roberto.fox@example.com', 'fox', 'roberto', '4775 taylor st', 'bowral', 'victoria', '77366', 'march', '08-8219-1151', 0),
(1129726390, 'roland.edwards@example.com', 'edwards', 'roland', '3075 cackson st', 'cairns', 'victoria', '79690', 'option', '08-9765-0662', 0),
(1130528385, 'jon.jensen@example.com', 'jensen', 'jon', '2926 mockingbird ln', 'bendigo', 'australian capital territory', '94821', 'crap', '06-2867-2617', 0),
(1131861910, 'brianna.rice@example.com', 'rice', 'brianna', '3935 smokey ln', 'ballarat', 'australian capital territory', '14787', 'istanbul', '09-5238-6011', 0),
(1132033963, 'stacy.snyder@example.com', 'snyder', 'stacy', '3136 mockingbird hill', 'bendigo', 'tasmania', '47246', 'collins', '00-1328-8283', 0),
(1132749866, 'april.curtis@example.com', 'curtis', 'april', '7331 cackson st', 'darwin', 'tasmania', '17493', 'axio', '04-9132-4806', 0),
(1133270059, 'regina.wheeler@example.com', 'wheeler', 'regina', '1753 hickory creek dr', 'busselton', 'western australia', '93657', 'stargate', '01-6587-2102', 0),
(1133625334, 'michele.hawkins@example.com', 'hawkins', 'michele', '6486 w 6th st', 'wagga wagga', 'new south wales', '35066', 'loser', '03-3164-4944', 0),
(1133807900, 'gordon.kelly@example.com', 'kelly', 'gordon', '1562 frances ct', 'queanbeyan', 'tasmania', '61947', 'anaconda', '04-0530-4154', 0),
(1135134841, 'becky.hunt@example.com', 'hunt', 'becky', '9536 woodland st', 'bendigo', 'queensland', '67619', 'felix1', '08-4258-8010', 0),
(1135359991, 'gail.martin@example.com', 'martin', 'gail', '3961 homestead rd', 'orange', 'western australia', '18067', 'mindy', '06-6862-3236', 0),
(1136049053, 'carla.wood@example.com', 'wood', 'carla', '8317 james st', 'wollongong', 'new south wales', '39398', 'bobcat', '09-7361-6252', 0),
(1136925638, 'elaine.lawson@example.com', 'lawson', 'elaine', '4311 frances ct', 'perth', 'tasmania', '53082', 'rose', '00-3044-3810', 1),
(1138151787, 'jesse.warren@example.com', 'warren', 'jesse', '1403 walnut hill ln', 'tamworth', 'queensland', '46626', 'moron', '05-9679-2552', 2),
(1138562003, 'abigail.riley@example.com', 'riley', 'abigail', '9428 dane st', 'wollongong', 'new south wales', '33912', 'termite', '05-5655-6192', 0),
(1139402704, 'denise.diaz@example.com', 'diaz', 'denise', '7151 westheimer rd', 'perth', 'south australia', '40760', 'target', '04-9509-0662', 0),
(1139782387, 'christian.medina@example.com', 'medina', 'christian', '6758 lakeview st', 'wollongong', 'south australia', '81985', 'coventry', '09-0048-3018', 0),
(1139843983, 'herminia.arnold@example.com', 'arnold', 'herminia', '8799 lakeview st', 'perth', 'tasmania', '44807', 'stinks', '04-5998-6785', 0),
(1139944981, 'pedro.gonzalez@example.com', 'gonzalez', 'pedro', '5963 cherry st', 'shepparton', 'tasmania', '73883', 'katherin', '05-3535-3131', 0),
(1140024552, 'ryan.montgomery@example.com', 'montgomery', 'ryan', '4583 avondale ave', 'bathurst', 'australian capital territory', '11565', 'love', '03-6739-6386', 0),
(1140583821, 'vernon.barrett@example.com', 'barrett', 'vernon', '6216 locust rd', 'kalgoorlie', 'australian capital territory', '24099', 'patrick1', '02-2385-5075', 0),
(1140917286, 'terry.olson@example.com', 'olson', 'terry', '4509 green rd', 'brisbane', 'northern territory', '26437', 'graham', '06-9639-2224', 0),
(1141274800, 'lisa.ramirez@example.com', 'ramirez', 'lisa', '1699 w dallas st', 'dubbo', 'victoria', '77169', 'bobo', '00-6245-3302', 0),
(1141767965, 'phillip.kuhn@example.com', 'kuhn', 'phillip', '9601 saddle dr', 'bathurst', 'tasmania', '82936', 'yoda', '07-5285-2637', 0),
(1141933177, 'ava.wells@example.com', 'wells', 'ava', '8043 harrison ct', 'bunbury', 'new south wales', '36109', 'parola', '04-9200-5161', 0),
(1142629467, 'diana.gregory@example.com', 'gregory', 'diana', '1004 avondale ave', 'gladstone', 'new south wales', '40647', 'stroker', '09-1569-6547', 0),
(1142655359, 'danny.sanchez@example.com', 'sanchez', 'danny', '7942 w 6th st', 'kalgoorlie', 'australian capital territory', '28000', 'babes', '02-1076-0916', 0),
(1142661242, 'tina.sutton@example.com', 'sutton', 'tina', '7099 hickory creek dr', 'warragul', 'western australia', '57707', 'eleven', '00-7863-2563', 0),
(1142756646, 'laurie.fisher@example.com', 'fisher', 'laurie', '8658 taylor st', 'bendigo', 'queensland', '25375', 'jello', '02-8587-6849', 0),
(1143003048, 'samuel.kelley@example.com', 'kelley', 'samuel', '6355 depaul dr', 'hervey bay', 'tasmania', '26713', 'bosco1', '03-1637-9975', 0),
(1143110261, 'toni.brewer@example.com', 'brewer', 'toni', '8439 dogwood ave', 'albany', 'victoria', '80215', 'aaa111', '07-0744-3287', 0),
(1144154761, 'cassandra.arnold@example.com', 'arnold', 'cassandra', '8178 dane st', 'busselton', 'south australia', '99755', 'suzuki', '03-5918-4340', 0),
(1144522181, 'ana.simmons@example.com', 'simmons', 'ana', '2032 central st', 'launceston', 'victoria', '98850', 'yyyyyy', '01-4526-6334', 0),
(1144620970, 'ralph.moore@example.com', 'moore', 'ralph', '9290 spring hill rd', 'albury', 'western australia', '46544', 'films', '06-2142-4799', 0),
(1144638981, 'carlos.sullivan@example.com', 'sullivan', 'carlos', '8414 timber wolf trail', 'geelong', 'tasmania', '29734', 'raquel', '03-1110-2198', 0),
(1144737126, 'reginald.reyes@example.com', 'reyes', 'reginald', '3615 washington ave', 'toowoomba', 'new south wales', '40982', '25252525', '00-8477-6470', 0),
(1145047516, 'carter.chapman@example.com', 'chapman', 'carter', '4611 ash dr', 'sunshine coast', 'northern territory', '26018', 'fossil', '08-0464-5245', 0),
(1145565402, 'terri.king@example.com', 'king', 'terri', '8771 hunters creek dr', 'melbourne', 'victoria', '69638', 'troy', '06-7222-9866', 0),
(1145566308, 'caroline.harvey@example.com', 'harvey', 'caroline', '2082 northaven rd', 'bundaberg', 'queensland', '28184', 'vegas', '02-3200-4951', 0),
(1146982104, 'samuel.hayes@example.com', 'hayes', 'samuel', '3389 samaritan dr', 'hervey bay', 'south australia', '58826', 'sam123', '09-9733-9294', 0),
(1147113110, 'clinton.andrews@example.com', 'andrews', 'clinton', '2945 mcclellan rd', 'melbourne', 'victoria', '25935', 'qiong', '06-4822-5491', 0),
(1147395447, 'juanita.brooks@example.com', 'brooks', 'juanita', '5926 preston rd', 'traralgon', 'new south wales', '87720', 'dnsadm', '03-8980-0437', 0),
(1148354418, 'william.romero@example.com', 'romero', 'william', '3666 dogwood ave', 'albury', 'northern territory', '18214', 'august', '08-1141-4856', 0),
(1148703869, 'david.harris@example.com', 'harris', 'david', '8754 first street', 'launceston', 'new south wales', '19535', 'southpar', '06-1132-6331', 0),
(1150516725, 'edwin.castro@example.com', 'castro', 'edwin', '9548 lovers ln', 'hervey bay', 'victoria', '75724', 'william1', '05-7547-4083', 0),
(1151081318, 'clara.lawrence@example.com', 'lawrence', 'clara', '2950 w pecan st', 'wollongong', 'queensland', '13291', 'homeboy', '00-4968-6568', 0),
(1151232523, 'bonnie.allen@example.com', 'allen', 'bonnie', '6288 w 6th st', 'ballarat', 'south australia', '58277', 'angelo', '02-9815-4492', 0),
(1151440400, 'travis.reid@example.com', 'reid', 'travis', '5805 cherry st', 'hobart', 'australian capital territory', '92618', 'divine', '04-2858-3830', 0),
(1153968666, 'clarence.horton@example.com', 'horton', 'clarence', '3888 rolling green rd', 'bathurst', 'queensland', '92412', 'jellybea', '06-8478-4229', 0),
(1154016336, 'lily.dixon@example.com', 'dixon', 'lily', '8522 woodland st', 'toowoomba', 'victoria', '86737', 'micro', '01-6977-7914', 0),
(1154314062, 'alice.hart@example.com', 'hart', 'alice', '8485 green rd', 'mildura', 'western australia', '75156', 'sabrina', '05-1609-6250', 0),
(1154884800, 'connor.burton@example.com', 'burton', 'connor', '4550 n stelling rd', 'bundaberg', 'australian capital territory', '36986', 'helpme', '04-5408-2370', 0),
(1154993996, 'cherly.harrison@example.com', 'harrison', 'cherly', '3512 walnut hill ln', 'bendigo', 'tasmania', '84520', 'wraith', '05-8348-5881', 0),
(1156006808, 'isaiah.horton@example.com', 'horton', 'isaiah', '2102 miller ave', 'maitland', 'queensland', '96867', 'woods', '01-8781-7840', 0),
(1156039843, 'connor.nelson@example.com', 'nelson', 'connor', '3072 adams st', 'bundaberg', 'queensland', '41631', 'none', '03-2714-1590', 0),
(1156316651, 'suzanne.austin@example.com', 'austin', 'suzanne', '7167 james st', 'maitland', 'australian capital territory', '38059', '2323', '07-1584-1721', 0),
(1157012747, 'kitty.davis@example.com', 'davis', 'kitty', '3993 james st', 'darwin', 'australian capital territory', '53297', 'girlies', '05-4961-0697', 0),
(1157118803, 'evan.ruiz@example.com', 'ruiz', 'evan', '4052 hunters creek dr', 'launceston', 'victoria', '99216', 'slugger', '09-2915-6615', 0),
(1157560514, 'arnold.sims@example.com', 'sims', 'arnold', '7257 marsh ln', 'brisbane', 'western australia', '12425', 'athlon', '07-4915-5654', 0),
(1157899319, 'jessie.alexander@example.com', 'alexander', 'jessie', '1086 james st', 'gladstone', 'south australia', '89428', 'thunder1', '05-3928-6844', 0),
(1157965565, 'isaiah.wilson@example.com', 'wilson', 'isaiah', '6478 wycliff ave', 'wollongong', 'western australia', '12621', 'franco', '05-7156-2424', 0),
(1158229190, 'sean.howard@example.com', 'howard', 'sean', '1260 mockingbird ln', 'shepparton', 'queensland', '21445', 'ashleigh', '00-1451-9593', 0),
(1158430896, 'jorge.howard@example.com', 'howard', 'jorge', '7445 homestead rd', 'orange', 'queensland', '35270', 'helmet', '04-2708-1693', 0),
(1158502836, 'diana.wade@example.com', 'wade', 'diana', '1504 karen dr', 'warragul', 'south australia', '92505', 'magneto', '00-6939-8062', 0),
(1158568608, 'jason.cunningham@example.com', 'cunningham', 'jason', '7205 mcclellan rd', 'townsville', 'new south wales', '88033', 'helena', '02-6535-3836', 0),
(1158604188, 'louella.price@example.com', 'price', 'louella', '5140 photinia ave', 'melbourne', 'tasmania', '12425', 'honeys', '02-8755-6989', 0),
(1159387795, 'antonio.mendoza@example.com', 'mendoza', 'antonio', '7497 w 6th st', 'tweed', 'victoria', '29541', 'cowgirl', '04-9969-4578', 0),
(1160727057, 'lucy.morales@example.com', 'morales', 'lucy', '7275 hillcrest rd', 'nowra', 'new south wales', '12782', 'magicman', '03-6591-3629', 0),
(1161234036, 'stephanie.garrett@example.com', 'garrett', 'stephanie', '6115 valwood pkwy', 'nowra', 'northern territory', '42242', 'golfpro', '09-1263-8983', 0),
(1162463701, 'brooklyn.robertson@example.com', 'robertson', 'brooklyn', '8196 northaven rd', 'albany', 'south australia', '72814', 'brian', '04-8665-9212', 0),
(1162571746, 'beverly.richardson@example.com', 'richardson', 'beverly', '1056 first street', 'bendigo', 'new south wales', '84454', 'hun999', '01-0014-5469', 0),
(1163419952, 'sylvia.gonzalez@example.com', 'gonzalez', 'sylvia', '9038 w belt line rd', 'bendigo', 'tasmania', '18530', 'strap', '05-4137-8945', 1),
(1164101235, 'wayne.chapman@example.com', 'chapman', 'wayne', '4045 nowlin rd', 'queanbeyan', 'northern territory', '24226', 'pooppoop', '00-6830-4119', 0),
(1164237463, 'charlie.harris@example.com', 'harris', 'charlie', '3668 camden ave', 'traralgon', 'tasmania', '41701', 'christin', '00-6772-6711', 0),
(1164405368, 'shannon.robertson@example.com', 'robertson', 'shannon', '1105 fairview st', 'adelaide', 'south australia', '93915', 'cobras', '03-4778-0277', 0),
(1164462213, 'kevin.carter@example.com', 'carter', 'kevin', '9832 oak ridge ln', 'wagga wagga', 'western australia', '50467', 'invis', '09-9759-0324', 0),
(1165180025, 'gabriella.knight@example.com', 'knight', 'gabriella', '7010 hillcrest rd', 'warragul', 'south australia', '28624', '1971', '03-9270-5808', 0),
(1166409453, 'johnni.sanchez@example.com', 'sanchez', 'johnni', '9024 e center st', 'wollongong', 'tasmania', '58082', 'short', '09-1009-3960', 0),
(1167379044, 'jack.miles@example.com', 'miles', 'jack', '6110 woodland st', 'melbourne', 'new south wales', '70426', 'gandalf', '08-8558-1178', 0),
(1167779492, 'edgar.jacobs@example.com', 'jacobs', 'edgar', '7845 lovers ln', 'port macquarie', 'victoria', '96520', 'digital1', '02-3833-6497', 0),
(1169059500, 'valerie.williamson@example.com', 'williamson', 'valerie', '2549 w belt line rd', 'bunbury', 'northern territory', '59951', '1225', '03-3743-4462', 0),
(1169676546, 'melanie.wells@example.com', 'wells', 'melanie', '6804 e north st', 'australian capital territory', 'australian capital territory', '23910', 'moonligh', '02-1375-2705', 0),
(1169925443, 'henry.sanders@example.com', 'sanders', 'henry', '6338 brown terrace', 'toowoomba', 'new south wales', '49692', 'marco', '00-8025-6038', 0),
(1170121008, 'jamie.daniels@example.com', 'daniels', 'jamie', '1952 e little york rd', 'perth', 'south australia', '77222', 'maradona', '07-1436-2551', 0),
(1171486362, 'leo.martinez@example.com', 'martinez', 'leo', '7262 marsh ln', 'tamworth', 'queensland', '79394', 'sonics', '05-3588-8628', 0),
(1171745884, 'lena.barnes@example.com', 'barnes', 'lena', '6776 w gray st', 'cairns', 'queensland', '19415', 'borders', '03-5538-6843', 0),
(1172157910, 'krin.graham@example.com', 'graham', 'krin', '4993 royal ln', 'coffs harbour', 'australian capital territory', '58085', 'newlife', '07-6802-4558', 0),
(1172732160, 'emma.newman@example.com', 'newman', 'emma', '2951 crockett st', 'toowoomba', 'queensland', '73820', 'fdsa', '06-4049-6135', 0),
(1174448261, 'ricardo.holland@example.com', 'holland', 'ricardo', '7889 daisy dr', 'gladstone', 'australian capital territory', '35628', 'tanner', '02-8083-5967', 0),
(1175101439, 'roy.reed@example.com', 'reed', 'roy', '4577 robinson rd', 'mildura', 'western australia', '96845', 'lake', '00-0724-3102', 1),
(1175744567, 'cindy.morrison@example.com', 'morrison', 'cindy', '5607 brown terrace', 'coffs harbour', 'northern territory', '19964', 'myspace1', '08-1410-4731', 0),
(1176857357, 'tonya.hanson@example.com', 'hanson', 'tonya', '8123 n stelling rd', 'perth', 'south australia', '18820', 'cancel', '04-2043-2799', 0),
(1177949571, 'kim.boyd@example.com', 'boyd', 'kim', '9741 forest ln', 'bowral', 'new south wales', '39918', 'godfather', '04-7602-8685', 0),
(1178228548, 'mia.stevens@example.com', 'stevens', 'mia', '4704 n stelling rd', 'gladstone', 'northern territory', '23331', 'scissors', '09-1884-3908', 0),
(1178819302, 'charlene.scott@example.com', 'scott', 'charlene', '8944 marsh ln', 'melbourne', 'tasmania', '93504', 'beaver', '05-8102-1581', 0),
(1178938531, 'jeremiah.hansen@example.com', 'hansen', 'jeremiah', '1319 ash dr', 'hervey bay', 'new south wales', '54164', 'snowbird', '05-5566-8876', 2),
(1179011906, 'albert.stone@example.com', 'stone', 'albert', '8855 prospect rd', 'albury', 'australian capital territory', '56601', 'greenbay', '08-2915-0091', 0),
(1179747802, 'felicia.tucker@example.com', 'tucker', 'felicia', '1899 green rd', 'albany', 'northern territory', '95543', 'xtreme', '00-2742-3637', 0),
(1179981484, 'phyllis.hayes@example.com', 'hayes', 'phyllis', '9538 northaven rd', 'queanbeyan', 'northern territory', '51435', 'zeus', '06-9579-7097', 2),
(1180132426, 'vivan.reyes@example.com', 'reyes', 'vivan', '6541 nowlin rd', 'port macquarie', 'queensland', '84135', 'federico', '02-7449-5116', 0),
(1180677332, 'owen.gutierrez@example.com', 'gutierrez', 'owen', '3804 smokey ln', 'sunshine coast', 'tasmania', '43109', 'frogger', '00-8628-8098', 0),
(1180911400, 'monica.wagner@example.com', 'wagner', 'monica', '9123 e little york rd', 'maitland', 'australian capital territory', '94189', 'munich', '03-2543-4498', 0),
(1180961755, 'ralph.torres@example.com', 'torres', 'ralph', '7781 w gray st', 'bunbury', 'new south wales', '30608', 'qwertyu', '07-5327-2837', 0),
(1182696709, 'christy.stevens@example.com', 'stevens', 'christy', '3530 shady ln dr', 'tamworth', 'victoria', '23437', 'knock', '06-3260-1537', 0),
(1183690915, 'marie.smith@example.com', 'smith', 'marie', '8142 robinson rd', 'cairns', 'queensland', '93716', 'clarke', '02-7810-9010', 0),
(1185631544, 'nina.vasquez@example.com', 'vasquez', 'nina', '2864 karen dr', 'orange', 'new south wales', '56563', '420420', '08-0345-6676', 0),
(1185651214, 'tim.hunt@example.com', 'hunt', 'tim', '4143 fincher rd', 'devonport', 'victoria', '27065', 'monica', '08-0330-0129', 0),
(1186544194, 'ken.ferguson@example.com', 'ferguson', 'ken', '6849 poplar dr', 'maitland', 'new south wales', '65344', 'mister', '03-9572-2049', 0),
(1187370796, 'patrick.cruz@example.com', 'cruz', 'patrick', '3509 edwards rd', 'albury', 'queensland', '30581', '789987', '05-9713-1454', 0),
(1187888592, 'samuel.payne@example.com', 'payne', 'samuel', '8690 country club rd', 'tweed', 'australian capital territory', '87962', 'becker', '01-4721-7095', 0),
(1188162583, 'june.morales@example.com', 'morales', 'june', '7211 e north st', 'tamworth', 'queensland', '33666', 'gobears', '03-4951-6006', 0),
(1188164928, 'diana.shelton@example.com', 'shelton', 'diana', '9512 samaritan dr', 'sydney', 'northern territory', '97691', 'love123', '06-9368-3535', 0),
(1188179057, 'jeremy.bates@example.com', 'bates', 'jeremy', '8982 w pecan st', 'melbourne', 'south australia', '56493', '22222222', '05-8951-6561', 0),
(1188603515, 'kristina.lawson@example.com', 'lawson', 'kristina', '6546 cackson st', 'traralgon', 'new south wales', '66178', 'whatup', '08-2920-6685', 0),
(1189106081, 'dwight.mcdonalid@example.com', 'mcdonalid', 'dwight', '3918 frances ct', 'maitland', 'western australia', '46997', 'primus', '09-1843-0552', 0),
(1190130323, 'jayden.shelton@example.com', 'shelton', 'jayden', '8665 parker rd', 'orange', 'new south wales', '86914', 'walton', '01-0399-9395', 0),
(1190959620, 'randall.evans@example.com', 'evans', 'randall', '3295 ash dr', 'geelong', 'queensland', '41746', 'wagner', '04-9749-6065', 0),
(1191580259, 'kyle.harper@example.com', 'harper', 'kyle', '2780 elgin st', 'shepparton', 'western australia', '75662', 'infinity', '02-3926-2324', 0),
(1191580479, 'mae.austin@example.com', 'austin', 'mae', '6487 cackson st', 'bundaberg', 'new south wales', '23324', 'moonligh', '07-8804-7780', 0),
(1192424590, 'emma.russell@example.com', 'russell', 'emma', '5962 sunset st', 'darwin', 'australian capital territory', '92838', 'hatred', '03-2465-2410', 0),
(1193768270, 'sofia.williamson@example.com', 'williamson', 'sofia', '2001 mcgowen st', 'orange', 'tasmania', '83638', '1984', '04-0579-6571', 0),
(1193944867, 'louise.barrett@example.com', 'barrett', 'louise', '5951 dane st', 'albury', 'tasmania', '10929', 'ambrosia', '04-3699-4705', 0),
(1194355411, 'arnold.martin@example.com', 'martin', 'arnold', '9807 avondale ave', 'brisbane', 'western australia', '66449', 'bronze', '00-1381-2313', 0),
(1194667251, 'charlotte.allen@example.com', 'allen', 'charlotte', '7073 spring hill rd', 'toowoomba', 'south australia', '68384', 'rusty1', '05-3158-3470', 0),
(1194880337, 'john.bishop@example.com', 'bishop', 'john', '8404 white oak dr', 'warragul', 'victoria', '59740', 'mama', '02-2295-6507', 2),
(1195908694, 'abigail.hansen@example.com', 'hansen', 'abigail', '2597 w belt line rd', 'tweed', 'queensland', '34417', 'smeller', '00-2819-9684', 0),
(1196328072, 'stephanie.parker@example.com', 'parker', 'stephanie', '4311 edwards rd', 'toowoomba', 'south australia', '71383', 'nascar24', '09-2448-2755', 1),
(1197557453, 'suzanne.taylor@example.com', 'taylor', 'suzanne', '3659 college st', 'ballarat', 'australian capital territory', '27061', 'lakeside', '06-9481-1228', 2),
(1197701707, 'johnni.webb@example.com', 'webb', 'johnni', '8646 groveland terrace', 'busselton', 'australian capital territory', '83411', 'lightning', '00-5748-5148', 0),
(1198697761, 'tracy.gonzales@example.com', 'gonzales', 'tracy', '5419 camden ave', 'kalgoorlie', 'australian capital territory', '78018', 'herewego', '04-7451-7646', 0),
(1198720207, 'daisy.vargas@example.com', 'vargas', 'daisy', '8874 w 6th st', 'dubbo', 'western australia', '55533', 'custom', '07-0846-1904', 0),
(1201225060, 'brittany.watkins@example.com', 'watkins', 'brittany', '7939 preston rd', 'devonport', 'australian capital territory', '30064', 'monique', '01-5192-7096', 0),
(1202237764, 'kenzi.holt@example.com', 'holt', 'kenzi', '2503 locust rd', 'dubbo', 'australian capital territory', '11874', 'meadow', '06-2107-1027', 0),
(1202484745, 'adam.dixon@example.com', 'dixon', 'adam', '6290 woodland st', 'australian capital territory', 'queensland', '74038', 'eyes', '08-7293-6600', 0),
(1203185115, 'charlotte.kuhn@example.com', 'kuhn', 'charlotte', '9762 w pecan st', 'sunshine coast', 'australian capital territory', '69833', '1985', '05-0048-3636', 0),
(1204992602, 'ruby.fisher@example.com', 'fisher', 'ruby', '9855 e center st', 'australian capital territory', 'new south wales', '41567', 'clint', '07-9688-4542', 0),
(1206540697, 'maureen.robinson@example.com', 'robinson', 'maureen', '8996 karen dr', 'mildura', 'western australia', '45022', 'newport', '03-9807-4436', 0),
(1206576891, 'paula.crawford@example.com', 'crawford', 'paula', '1124 smokey ln', 'geraldton', 'queensland', '49393', 'bryan1', '02-7456-8291', 0),
(1206845524, 'natalie.pierce@example.com', 'pierce', 'natalie', '1009 brown terrace', 'bendigo', 'south australia', '75471', 'asdf', '01-4993-7952', 0),
(1206909124, 'lucille.barrett@example.com', 'barrett', 'lucille', '4340 woodland st', 'adelaide', 'new south wales', '49321', 'baritone', '02-8959-7759', 0),
(1207666473, 'eileen.hopkins@example.com', 'hopkins', 'eileen', '9290 mockingbird hill', 'queanbeyan', 'northern territory', '34704', 'pretty', '02-5256-8692', 0),
(1208113740, 'sonia.butler@example.com', 'butler', 'sonia', '9917 w pecan st', 'warragul', 'victoria', '98134', 'water', '02-2639-1449', 0),
(1209204218, 'allan.lane@example.com', 'lane', 'allan', '5207 taylor st', 'bathurst', 'south australia', '71176', 'millie', '00-9079-6785', 0),
(1209352849, 'catherine.kelly@example.com', 'kelly', 'catherine', '4367 mcgowen st', 'australian capital territory', 'tasmania', '76836', 'sundevil', '05-0533-6340', 0),
(1209804129, 'josephine.castro@example.com', 'castro', 'josephine', '9025 fairview st', 'bundaberg', 'northern territory', '31748', 'college', '01-4418-9952', 0),
(1209945571, 'audrey.watts@example.com', 'watts', 'audrey', '5413 robinson rd', 'hervey bay', 'northern territory', '96694', '1960', '08-4740-1251', 0),
(1210118277, 'julie.rodriguez@example.com', 'rodriguez', 'julie', '8293 w sherman dr', 'hervey bay', 'victoria', '70708', 'striper', '03-6394-9634', 0),
(1210676916, 'bertha.mills@example.com', 'mills', 'bertha', '5078 james st', 'devonport', 'australian capital territory', '21357', 'janelle', '09-5960-6660', 0),
(1211152472, 'peggy.stevens@example.com', 'stevens', 'peggy', '9643 hogan st', 'kalgoorlie', 'tasmania', '39055', 'shocker', '05-2511-9899', 0),
(1212356247, 'brayden.freeman@example.com', 'freeman', 'brayden', '9269 groveland terrace', 'busselton', 'australian capital territory', '18006', 'crack', '04-4080-6128', 0),
(1212528328, 'sherri.dean@example.com', 'dean', 'sherri', '9041 robinson rd', 'dubbo', 'northern territory', '95064', 'xian', '00-5185-4399', 0),
(1213045897, 'terri.bradley@example.com', 'bradley', 'terri', '7594 walnut hill ln', 'adelaide', 'western australia', '44045', 'rupert', '00-0692-3431', 0),
(1213278583, 'juan.pierce@example.com', 'pierce', 'juan', '4169 cackson st', 'wollongong', 'northern territory', '47708', 'trumpet', '01-7829-4802', 0),
(1213877923, 'wallace.rodriquez@example.com', 'rodriquez', 'wallace', '5975 crockett st', 'australian capital territory', 'queensland', '86193', 'goldfish', '02-0012-8683', 0),
(1214051487, 'christine.myers@example.com', 'myers', 'christine', '1352 valwood pkwy', 'maitland', 'south australia', '11526', 'kenny1', '07-0817-0684', 0),
(1214463641, 'kay.armstrong@example.com', 'armstrong', 'kay', '2173 camden ave', 'rockhampton', 'northern territory', '64000', 'gotham', '07-2117-7391', 0),
(1214661456, 'megan.west@example.com', 'west', 'megan', '7120 marsh ln', 'wagga wagga', 'new south wales', '86044', 'fighting', '09-4794-2358', 0),
(1215061606, 'hilda.lopez@example.com', 'lopez', 'hilda', '7074 e sandy lake rd', 'toowoomba', 'queensland', '63244', 'tonight', '06-6632-0087', 0),
(1215065353, 'gerald.myers@example.com', 'myers', 'gerald', '2671 lovers ln', 'melbourne', 'south australia', '81425', 'blue32', '08-1285-1139', 0),
(1216041893, 'erica.henderson@example.com', 'henderson', 'erica', '4014 woodland st', 'bathurst', 'northern territory', '78290', 'mortgage', '03-6498-1800', 0),
(1216417586, 'carolyn.wagner@example.com', 'wagner', 'carolyn', '4483 elgin st', 'maitland', 'tasmania', '79291', 'ross', '05-6359-2303', 0),
(1216485862, 'enrique.kim@example.com', 'kim', 'enrique', '6877 stevens creek blvd', 'busselton', 'tasmania', '93126', 'ferrari', '08-7705-6805', 0),
(1217406399, 'bonnie.gregory@example.com', 'gregory', 'bonnie', '5143 e center st', 'cairns', 'northern territory', '78664', 'heyhey', '08-7436-5967', 0),
(1217946113, 'christian.lambert@example.com', 'lambert', 'christian', '4382 valley view ln', 'bunbury', 'victoria', '81577', 'muffin', '05-5593-9447', 0),
(1218121116, 'claudia.wood@example.com', 'wood', 'claudia', '9919 westheimer rd', 'cairns', 'northern territory', '79362', 'angie', '03-8191-9288', 0),
(1218360217, 'brian.fuller@example.com', 'fuller', 'brian', '6901 hunters creek dr', 'hobart', 'queensland', '64572', 'miami1', '00-1818-2885', 0),
(1218805070, 'amelia.burton@example.com', 'burton', 'amelia', '7965 robinson rd', 'albury', 'victoria', '53784', 'manila', '03-3212-7993', 0),
(1219857349, 'noelle.welch@example.com', 'welch', 'noelle', '7975 hamilton ave', 'townsville', 'northern territory', '36637', 'dalshe', '01-9967-7728', 0),
(1220079456, 'warren.berry@example.com', 'berry', 'warren', '4425 e center st', 'sydney', 'western australia', '29302', 'smitty', '00-1783-5247', 0),
(1220519642, 'cathy.castro@example.com', 'castro', 'cathy', '6906 camden ave', 'hervey bay', 'australian capital territory', '22907', 'bluefish', '07-1259-6456', 0),
(1220611740, 'ronald.sanders@example.com', 'sanders', 'ronald', '7079 bruce st', 'hervey bay', 'queensland', '98771', 'ricky1', '04-5194-5622', 0),
(1221406107, 'bruce.ryan@example.com', 'ryan', 'bruce', '3813 w campbell ave', 'shepparton', 'victoria', '53706', 'jesse', '09-4395-9103', 0),
(1221632988, 'edna.torres@example.com', 'torres', 'edna', '2140 e center st', 'orange', 'northern territory', '94495', 'cindy', '06-4029-4411', 0),
(1221780803, 'clifford.gonzalez@example.com', 'gonzalez', 'clifford', '5639 washington ave', 'wollongong', 'tasmania', '18515', 'holly1', '05-0626-8693', 0),
(1223006996, 'lucas.mendoza@example.com', 'mendoza', 'lucas', '2685 w dallas st', 'bendigo', 'western australia', '65113', 'case', '03-3161-1715', 0),
(1223435048, 'sue.carr@example.com', 'carr', 'sue', '2086 w belt line rd', 'warrnambool', 'tasmania', '43081', 'pearls', '07-8450-0438', 0),
(1224759276, 'jackson.gardner@example.com', 'gardner', 'jackson', '4908 locust rd', 'nowra', 'victoria', '76566', 'hrfzlz', '02-4043-4585', 0),
(1225093957, 'johnny.nguyen@example.com', 'nguyen', 'johnny', '7131 white oak dr', 'sydney', 'northern territory', '13980', 'husband', '04-2326-8587', 0),
(1225269793, 'willie.williamson@example.com', 'williamson', 'willie', '5359 marsh ln', 'dubbo', 'new south wales', '22594', 'ttttt', '07-3017-6341', 0),
(1225446704, 'billy.jackson@example.com', 'jackson', 'billy', '2267 oak ridge ln', 'townsville', 'tasmania', '96382', 'mountain', '06-7561-2985', 0),
(1228095602, 'justin.douglas@example.com', 'douglas', 'justin', '5933 e sandy lake rd', 'bathurst', 'new south wales', '58076', 'bristol', '06-0333-3136', 0),
(1228251009, 'brooklyn.robinson@example.com', 'robinson', 'brooklyn', '8607 mockingbird hill', 'mackay', 'northern territory', '85379', 'frodo', '01-4636-7789', 0),
(1228274963, 'dana.howell@example.com', 'howell', 'dana', '4472 shady ln dr', 'launceston', 'northern territory', '47435', 'javier', '09-0350-8451', 1),
(1228839381, 'brayden.lawson@example.com', 'lawson', 'brayden', '7523 shady ln dr', 'mildura', 'new south wales', '25812', 'whiskey', '01-0761-7821', 0),
(1228915213, 'alexis.mccoy@example.com', 'mccoy', 'alexis', '7770 lakeshore rd', 'devonport', 'northern territory', '66312', 'zhei', '09-6329-1256', 0),
(1229894779, 'scarlett.carlson@example.com', 'carlson', 'scarlett', '3239 e little york rd', 'nowra', 'australian capital territory', '45480', 'tazman', '00-9638-8171', 0),
(1232556929, 'leah.may@example.com', 'may', 'leah', '7866 frances ct', 'hobart', 'new south wales', '45500', 'woohoo', '08-6225-3170', 0),
(1233080680, 'raymond.owens@example.com', 'owens', 'raymond', '5366 crockett st', 'albury', 'western australia', '68760', '262626', '00-2231-8870', 0),
(1233362936, 'alberto.kelly@example.com', 'kelly', 'alberto', '1115 ranchview dr', 'hervey bay', 'tasmania', '62478', 'gotham', '04-3048-0721', 0),
(1233787927, 'marjorie.reed@example.com', 'reed', 'marjorie', '4357 w 6th st', 'australian capital territory', 'queensland', '33884', 'pants', '00-3090-0015', 0),
(1234817187, 'theodore.walters@example.com', 'walters', 'theodore', '7382 valley view ln', 'brisbane', 'new south wales', '33119', 'hookup', '06-0607-5008', 0),
(1234923237, 'rebecca.west@example.com', 'west', 'rebecca', '2551 pecan acres ln', 'albury', 'australian capital territory', '13033', 'cross', '01-3656-5365', 0),
(1235525470, 'andrea.tucker@example.com', 'tucker', 'andrea', '3426 stevens creek blvd', 'hervey bay', 'northern territory', '73765', 'phat', '01-9038-2278', 0),
(1236393893, 'harry.brooks@example.com', 'brooks', 'harry', '1576 w pecan st', 'wollongong', 'western australia', '11674', 'shibby', '00-5315-7324', 0),
(1236819899, 'dan.chavez@example.com', 'chavez', 'dan', '6609 woodland st', 'mackay', 'queensland', '89885', 'tazman', '06-7734-6840', 0),
(1237334375, 'ella.jackson@example.com', 'jackson', 'ella', '7397 college st', 'port macquarie', 'tasmania', '56769', 'strife', '04-9036-5400', 0),
(1238254140, 'misty.mills@example.com', 'mills', 'misty', '4419 shady ln dr', 'hobart', 'western australia', '74143', 'undertak', '01-9901-8863', 0),
(1238432212, 'lucas.henderson@example.com', 'henderson', 'lucas', '2181 dogwood ave', 'cairns', 'south australia', '61168', 'turtle', '08-5492-9509', 0),
(1238977884, 'penny.owens@example.com', 'owens', 'penny', '8061 daisy dr', 'kalgoorlie', 'northern territory', '71901', 'black', '01-0091-6964', 0),
(1239734632, 'jamie.warren@example.com', 'warren', 'jamie', '2711 e center st', 'coffs harbour', 'australian capital territory', '37113', 'tranny', '07-7346-7602', 0),
(1240329381, 'carrie.perez@example.com', 'perez', 'carrie', '9761 valwood pkwy', 'launceston', 'new south wales', '66375', 'lick', '06-5134-1385', 0),
(1240506363, 'tommy.ferguson@example.com', 'ferguson', 'tommy', '1355 spring st', 'perth', 'south australia', '81131', 'viewsoni', '05-5816-4065', 0),
(1240529059, 'jo.walker@example.com', 'walker', 'jo', '4465 cackson st', 'coffs harbour', 'western australia', '44652', 'sprint', '05-5572-3720', 0),
(1242999293, 'dave.hernandez@example.com', 'hernandez', 'dave', '7326 w pecan st', 'launceston', 'queensland', '72498', 'matthew', '00-5965-7860', 0),
(1243579043, 'antonio.vargas@example.com', 'vargas', 'antonio', '9955 samaritan dr', 'toowoomba', 'queensland', '14285', 'corey', '09-1318-5671', 0),
(1244627642, 'melinda.fox@example.com', 'fox', 'melinda', '4619 brown terrace', 'orange', 'south australia', '31767', 'sparkle', '01-0077-0002', 0),
(1244824945, 'james.chapman@example.com', 'chapman', 'james', '6969 white oak dr', 'gladstone', 'northern territory', '28909', 'stoned', '00-5161-5079', 0),
(1245038254, 'carl.hansen@example.com', 'hansen', 'carl', '3824 mockingbird ln', 'wollongong', 'tasmania', '85000', 'dupont', '04-7842-1513', 0),
(1246672443, 'gavin.porter@example.com', 'porter', 'gavin', '2813 dogwood ave', 'gladstone', 'western australia', '65224', 'morgan1', '05-3551-5563', 0),
(1247493587, 'max.reed@example.com', 'reed', 'max', '1909 first street', 'adelaide', 'new south wales', '16412', 'diving', '00-2875-7173', 0),
(1247600076, 'daniel.freeman@example.com', 'freeman', 'daniel', '8830 eason rd', 'warragul', 'tasmania', '41206', 'cccccccc', '01-9222-5727', 0),
(1247631253, 'amanda.fleming@example.com', 'fleming', 'amanda', '8027 plum st', 'brisbane', 'western australia', '25698', 'safari', '04-7042-7422', 0),
(1248036235, 'same.allen@example.com', 'allen', 'same', '3213 bruce st', 'townsville', 'australian capital territory', '65284', 'ladyboy', '07-4300-0158', 0),
(1249793262, 'george.moore@example.com', 'moore', 'george', '9188 mcclellan rd', 'bendigo', 'south australia', '55945', 'enjoy', '01-0236-6019', 0),
(1250236406, 'roland.dunn@example.com', 'dunn', 'roland', '9621 first street', 'wollongong', 'new south wales', '28851', 'olive', '03-4432-4116', 0),
(1250241968, 'mathew.willis@example.com', 'willis', 'mathew', '9260 groveland terrace', 'brisbane', 'new south wales', '86384', 'hentai', '03-2202-2124', 0),
(1250732480, 'clayton.harrison@example.com', 'harrison', 'clayton', '9821 adams st', 'queanbeyan', 'australian capital territory', '98419', 'putter', '05-8492-0307', 0),
(1250943131, 'rene.nelson@example.com', 'nelson', 'rene', '1811 washington ave', 'adelaide', 'queensland', '60313', 'whatwhat', '07-6650-4760', 0),
(1251193404, 'lena.steward@example.com', 'steward', 'lena', '9789 lone wolf trail', 'wollongong', 'queensland', '83039', 'classic', '02-6867-1307', 0),
(1252685685, 'daryl.smith@example.com', 'smith', 'daryl', '2070 valwood pkwy', 'mildura', 'tasmania', '18667', 'megadeth', '08-1471-3849', 0),
(1252706411, 'tyler.young@example.com', 'young', 'tyler', '9087 spring st', 'mackay', 'victoria', '51860', 'quality', '04-1877-8567', 0),
(1255161786, 'sofia.morales@example.com', 'morales', 'sofia', '7582 hamilton ave', 'townsville', 'western australia', '69794', 'smoker', '00-4084-7377', 0),
(1255204598, 'lori.lane@example.com', 'lane', 'lori', '7600 dogwood ave', 'australian capital territory', 'queensland', '52676', 'goku', '05-6343-1551', 0),
(1256303253, 'sandra.herrera@example.com', 'herrera', 'sandra', '8568 james st', 'brisbane', 'new south wales', '13972', 'rambo', '07-6758-9971', 0),
(1258710924, 'lonnie.webb@example.com', 'webb', 'lonnie', '1925 dane st', 'australian capital territory', 'northern territory', '54847', 'lucky1', '04-5429-6778', 0),
(1259830801, 'carole.fuller@example.com', 'fuller', 'carole', '1330 fairview st', 'wollongong', 'south australia', '70627', 'scuba1', '06-5111-8121', 0),
(1260617370, 'sylvia.sutton@example.com', 'sutton', 'sylvia', '9766 karen dr', 'wollongong', 'new south wales', '11125', 'chelle', '01-9633-7427', 0),
(1260668382, 'beverley.barnes@example.com', 'barnes', 'beverley', '5159 first street', 'coffs harbour', 'queensland', '17779', '1234567', '06-8183-8439', 0),
(1260818904, 'michelle.cooper@example.com', 'cooper', 'michelle', '5514 smokey ln', 'mildura', 'new south wales', '92369', 'gringo', '03-3445-9111', 0),
(1261427943, 'tina.pena@example.com', 'pena', 'tina', '1351 mcgowen st', 'mildura', 'south australia', '90821', 'mariner', '03-9165-3435', 0),
(1261652725, 'mason.fisher@example.com', 'fisher', 'mason', '6212 lakeview st', 'launceston', 'tasmania', '79229', 'towers', '03-8773-1808', 0),
(1262652820, 'patrick.ward@example.com', 'ward', 'patrick', '6260 e little york rd', 'port macquarie', 'new south wales', '85020', 'susana', '08-4163-5875', 0),
(1262726433, 'liam.harrison@example.com', 'harrison', 'liam', '4224 w campbell ave', 'darwin', 'south australia', '81983', '161616', '09-0268-5630', 0),
(1263274089, 'brandon.elliott@example.com', 'elliott', 'brandon', '1909 prospect rd', 'townsville', 'australian capital territory', '32390', 'audio', '06-2031-3243', 0),
(1263521612, 'billy.carr@example.com', 'carr', 'billy', '5673 avondale ave', 'traralgon', 'northern territory', '89437', 'deville', '02-7046-9081', 0),
(1263533185, 'enrique.hanson@example.com', 'hanson', 'enrique', '3799 sunset st', 'port macquarie', 'tasmania', '26281', 'subaru', '02-4092-5179', 0),
(1263535498, 'phyllis.perez@example.com', 'perez', 'phyllis', '7663 railroad st', 'cairns', 'tasmania', '83630', 'odyssey', '01-5478-8422', 0),
(1265786081, 'christopher.sutton@example.com', 'sutton', 'christopher', '9630 ash dr', 'adelaide', 'queensland', '82104', '1952', '00-0262-0180', 0),
(1265786391, 'aiden.byrd@example.com', 'byrd', 'aiden', '5227 first street', 'coffs harbour', 'australian capital territory', '15476', 'music', '09-9734-6838', 0),
(1266091084, 'max.jordan@example.com', 'jordan', 'max', '1388 w 6th st', 'ballarat', 'australian capital territory', '85387', '494949', '08-6003-3236', 0),
(1267855884, 'glenda.little@example.com', 'little', 'glenda', '8948 poplar dr', 'warragul', 'queensland', '24864', 'zheng', '01-4591-1211', 0),
(1268037999, 'travis.welch@example.com', 'welch', 'travis', '9795 hickory creek dr', 'tweed', 'new south wales', '89824', 'capital', '08-9847-7363', 0),
(1269274699, 'aubree.bennett@example.com', 'bennett', 'aubree', '1498 crockett st', 'port macquarie', 'new south wales', '22988', 'jungle', '01-1906-8129', 0),
(1269417542, 'dennis.jackson@example.com', 'jackson', 'dennis', '7942 bruce st', 'albury', 'tasmania', '63349', 'munich', '02-9883-6496', 0),
(1269457185, 'lewis.hanson@example.com', 'hanson', 'lewis', '1263 plum st', 'traralgon', 'australian capital territory', '59119', 'wing', '05-8348-7260', 0),
(1269510927, 'calvin.frazier@example.com', 'frazier', 'calvin', '9084 dane st', 'perth', 'south australia', '17727', 'sparky', '07-0092-7908', 0),
(1269649971, 'pedro.fernandez@example.com', 'fernandez', 'pedro', '7921 thornridge cir', 'ballarat', 'australian capital territory', '45600', 'alfa', '08-6728-2496', 0),
(1269728870, 'james.ruiz@example.com', 'ruiz', 'james', '2331 taylor st', 'warragul', 'south australia', '13804', 'trucks', '09-2397-3746', 0),
(1270717419, 'margie.johnston@example.com', 'johnston', 'margie', '8748 lakeshore rd', 'brisbane', 'tasmania', '13686', 'flame', '08-2981-6934', 0),
(1271456228, 'rosemary.diaz@example.com', 'diaz', 'rosemary', '9954 mcgowen st', 'tamworth', 'australian capital territory', '58680', 'newton', '00-0896-6270', 0),
(1272246218, 'morris.mills@example.com', 'mills', 'morris', '2004 fincher rd', 'nowra', 'australian capital territory', '75426', 'metoo', '04-8606-4225', 0),
(1272318861, 'wesley.kelley@example.com', 'kelley', 'wesley', '7966 e pecan st', 'sydney', 'south australia', '81323', 'katrina', '04-5187-2466', 0),
(1274517011, 'wendy.hernandez@example.com', 'hernandez', 'wendy', '2720 valwood pkwy', 'nowra', 'tasmania', '92512', 'kittie', '02-4603-3524', 0),
(1274818065, 'sally.gardner@example.com', 'gardner', 'sally', '8819 homestead rd', 'busselton', 'victoria', '18274', 'enternow', '03-2207-9423', 0),
(1275487688, 'joann.lynch@example.com', 'lynch', 'joann', '7604 woodland st', 'geelong', 'northern territory', '72315', 'films', '04-4724-6032', 0),
(1275570800, 'milton.payne@example.com', 'payne', 'milton', '3141 pockrus page rd', 'hobart', 'northern territory', '13822', 'drum', '01-1571-8083', 0),
(1276197475, 'marie.ellis@example.com', 'ellis', 'marie', '7531 mockingbird ln', 'tamworth', 'tasmania', '49407', 'sneaky', '06-5515-8630', 0),
(1276593173, 'same.vasquez@example.com', 'vasquez', 'same', '3922 depaul dr', 'bowral', 'new south wales', '75406', 'buddie', '03-7574-4454', 0),
(1276696135, 'jayden.butler@example.com', 'butler', 'jayden', '8507 stevens creek blvd', 'bendigo', 'queensland', '30091', 'warrior', '05-2848-7402', 0),
(1276747559, 'katherine.rose@example.com', 'rose', 'katherine', '3630 fairview st', 'bathurst', 'western australia', '54064', 'rainbow', '06-7586-5972', 0),
(1277044097, 'aaron.gibson@example.com', 'gibson', 'aaron', '9776 plum st', 'geelong', 'tasmania', '56938', 'freckles', '00-8420-9222', 0),
(1278484431, 'taylor.harrison@example.com', 'harrison', 'taylor', '8458 stevens creek blvd', 'devonport', 'south australia', '10898', 'cabron', '08-7275-4679', 0),
(1278556941, 'darren.frazier@example.com', 'frazier', 'darren', '7754 lakeshore rd', 'townsville', 'new south wales', '38322', 'laurence', '05-9100-0445', 0),
(1278975149, 'jason.simmmons@example.com', 'simmmons', 'jason', '1246 taylor st', 'bathurst', 'northern territory', '81617', 'germany', '05-1214-1152', 0),
(1279101724, 'loretta.gray@example.com', 'gray', 'loretta', '7493 westheimer rd', 'bendigo', 'western australia', '39199', 'quartz', '02-5242-9915', 0),
(1279372131, 'louis.castillo@example.com', 'castillo', 'louis', '1429 westheimer rd', 'mackay', 'south australia', '19212', 'twist', '01-7016-0636', 0),
(1279896376, 'felix.gonzalez@example.com', 'gonzalez', 'felix', '9663 brown terrace', 'ballarat', 'northern territory', '46670', 'superfly', '07-0516-5626', 0),
(1280797549, 'ellen.hudson@example.com', 'hudson', 'ellen', '3894 hunters creek dr', 'bendigo', 'queensland', '63192', 'lang', '07-5801-0001', 0),
(1280809900, 'sonia.rodriquez@example.com', 'rodriquez', 'sonia', '1216 n stelling rd', 'tamworth', 'northern territory', '23770', 'store', '05-5688-1282', 0),
(1282827585, 'caroline.wood@example.com', 'wood', 'caroline', '7438 elgin st', 'bowral', 'south australia', '56263', 'howdy', '04-4542-8609', 0),
(1283055168, 'tanya.rose@example.com', 'rose', 'tanya', '4026 college st', 'busselton', 'south australia', '68432', 'catman', '01-0703-4460', 0),
(1283392844, 'alexa.rodriguez@example.com', 'rodriguez', 'alexa', '5005 cherry st', 'wollongong', 'western australia', '47303', 'terry1', '00-6571-4785', 0),
(1284680536, 'layla.holt@example.com', 'holt', 'layla', '6163 mcgowen st', 'hobart', 'australian capital territory', '38857', 'frisco', '08-2702-2555', 0),
(1285199406, 'andre.ryan@example.com', 'ryan', 'andre', '7995 northaven rd', 'dubbo', 'south australia', '17357', 'february', '02-5844-5610', 0),
(1285247003, 'julian.hill@example.com', 'hill', 'julian', '7819 dane st', 'queanbeyan', 'new south wales', '68196', '852456', '04-7937-2072', 0),
(1285335217, 'russell.powell@example.com', 'powell', 'russell', '5229 photinia ave', 'orange', 'south australia', '17735', 'goodluck', '02-9667-8270', 0);
INSERT INTO `Users` (`UUID`, `Email`, `LastName`, `FirstName`, `StreetAddress`, `City`, `State`, `ZipCode`, `Password`, `ContactPhone`, `RoleID`) VALUES
(1286280255, 'harper.chambers@example.com', 'chambers', 'harper', '4918 robinson rd', 'bathurst', 'tasmania', '31453', 'goodluck', '05-0233-3234', 0),
(1286378867, 'ruben.fowler@example.com', 'fowler', 'ruben', '7660 bruce st', 'bathurst', 'australian capital territory', '82949', 'alejandr', '09-5338-1955', 0),
(1286561648, 'tracy.turner@example.com', 'turner', 'tracy', '2354 paddock way', 'warragul', 'queensland', '37327', 'camper', '02-5739-6372', 0),
(1286678363, 'dave.bowman@example.com', 'bowman', 'dave', '2044 lone wolf trail', 'bunbury', 'queensland', '48660', 'dogdog', '09-3225-4723', 0),
(1286987801, 'jackie.hamilton@example.com', 'hamilton', 'jackie', '6072 parker rd', 'maitland', 'tasmania', '96896', 'seductive', '03-9619-6667', 0),
(1287486556, 'ronald.rodriguez@example.com', 'rodriguez', 'ronald', '4233 northaven rd', 'hobart', 'victoria', '90945', 'blanche', '01-3600-8355', 0),
(1288472019, 'benjamin.rodriguez@example.com', 'rodriguez', 'benjamin', '4820 pockrus page rd', 'warrnambool', 'tasmania', '99988', 'zong', '06-3299-6853', 0),
(1288935681, 'robert.diaz@example.com', 'diaz', 'robert', '3921 timber wolf trail', 'wollongong', 'australian capital territory', '28673', 'welcome1', '01-6800-7856', 0),
(1289228112, 'stanley.thompson@example.com', 'thompson', 'stanley', '8202 e pecan st', 'hobart', 'northern territory', '63101', 'toomuch', '07-1237-0472', 0),
(1289278115, 'jason.beck@example.com', 'beck', 'jason', '5578 spring st', 'wollongong', 'western australia', '79981', 'hoffman', '04-1409-5540', 0),
(1289482015, 'alyssa.mitchelle@example.com', 'mitchelle', 'alyssa', '8151 crockett st', 'traralgon', 'south australia', '42732', 'pavlov', '02-3600-5563', 0),
(1290086341, 'courtney.hudson@example.com', 'hudson', 'courtney', '5673 blossom hill rd', 'darwin', 'new south wales', '49499', 'johnjohn', '09-7601-1470', 0),
(1290447245, 'charles.mills@example.com', 'mills', 'charles', '1100 paddock way', 'hervey bay', 'queensland', '53782', '9876', '02-1195-4248', 0),
(1290586632, 'jesus.hall@example.com', 'hall', 'jesus', '7120 paddock way', 'port macquarie', 'victoria', '66793', 'merlin1', '01-3857-9617', 0),
(1291509055, 'lance.medina@example.com', 'medina', 'lance', '5003 hickory creek dr', 'nowra', 'new south wales', '22232', 'skip', '00-4776-9187', 0),
(1291581537, 'kylie.peters@example.com', 'peters', 'kylie', '6408 ash dr', 'tweed', 'queensland', '38384', 'mimi', '05-4934-0592', 0),
(1292170633, 'darrell.jimenez@example.com', 'jimenez', 'darrell', '6918 mcgowen st', 'hobart', 'new south wales', '12690', 'jesse', '06-3949-4676', 0),
(1292317064, 'robin.davis@example.com', 'davis', 'robin', '5388 timber wolf trail', 'bendigo', 'queensland', '17136', 'louise', '02-6864-5756', 0),
(1293076052, 'felix.rivera@example.com', 'rivera', 'felix', '4614 crockett st', 'warrnambool', 'tasmania', '95478', 'moondog', '06-4496-6081', 0),
(1294135972, 'patrick.harper@example.com', 'harper', 'patrick', '6949 paddock way', 'shepparton', 'victoria', '96022', '1313', '06-8244-1006', 1),
(1294160828, 'abigail.reyes@example.com', 'reyes', 'abigail', '3194 ash dr', 'busselton', 'queensland', '92252', 'woof', '04-6708-8307', 0),
(1294274461, 'samantha.sutton@example.com', 'sutton', 'samantha', '6723 w dallas st', 'wollongong', 'australian capital territory', '77533', 'dirt', '09-2075-0158', 0),
(1294441513, 'dean.collins@example.com', 'collins', 'dean', '6611 first street', 'port macquarie', 'new south wales', '44769', 'jason', '05-1732-7578', 0),
(1294559913, 'priscilla.pearson@example.com', 'pearson', 'priscilla', '8041 cackson st', 'albury', 'victoria', '81283', 'pooh', '06-7387-4365', 0),
(1294846874, 'zoe.ramos@example.com', 'ramos', 'zoe', '3712 hunters creek dr', 'traralgon', 'south australia', '74461', 'kkkkkk', '02-4026-9389', 0),
(1295174077, 'stacey.wagner@example.com', 'wagner', 'stacey', '9839 cherry st', 'geelong', 'queensland', '63315', 'dixie', '02-9535-4167', 0),
(1295515239, 'jo.lane@example.com', 'lane', 'jo', '7946 groveland terrace', 'tamworth', 'south australia', '99894', 'jeremy', '08-7612-7597', 0),
(1297256574, 'felicia.fernandez@example.com', 'fernandez', 'felicia', '9560 e pecan st', 'geelong', 'australian capital territory', '48748', 'martin', '00-2122-1574', 0),
(1297398759, 'milton.cunningham@example.com', 'cunningham', 'milton', '2475 college st', 'brisbane', 'south australia', '68858', 'everton', '08-2569-6186', 0),
(1297564072, 'bertha.little@example.com', 'little', 'bertha', '5143 n stelling rd', 'geelong', 'western australia', '67330', 'kappa', '02-1143-3463', 0),
(1297638990, 'gary.ruiz@example.com', 'ruiz', 'gary', '5919 e north st', 'queanbeyan', 'queensland', '94161', 'mohamed', '08-4318-8028', 0),
(1297864136, 'kirk.wright@example.com', 'wright', 'kirk', '6839 hillcrest rd', 'mildura', 'australian capital territory', '33209', 'lost', '00-5633-7752', 0),
(1298328116, 'ana.harvey@example.com', 'harvey', 'ana', '1147 depaul dr', 'brisbane', 'victoria', '35702', 'deluxe', '08-7936-5529', 0),
(1298428702, 'meghan.hunter@example.com', 'hunter', 'meghan', '1216 elgin st', 'melbourne', 'western australia', '64278', 'indain', '05-8214-5305', 0),
(1299773562, 'billy.davidson@example.com', 'davidson', 'billy', '8672 green rd', 'toowoomba', 'western australia', '51489', '1950', '09-9762-1568', 0),
(1301261619, 'earl.fletcher@example.com', 'fletcher', 'earl', '1440 mockingbird hill', 'shepparton', 'queensland', '40860', 'buttercu', '05-7679-6940', 0),
(1301618317, 'calvin.rice@example.com', 'rice', 'calvin', '7658 e pecan st', 'queanbeyan', 'new south wales', '44867', 'demo', '01-9139-3764', 0),
(1301825878, 'wallace.riley@example.com', 'riley', 'wallace', '3593 eason rd', 'geraldton', 'victoria', '14945', 'knickers', '00-3459-4397', 0),
(1301852521, 'sofia.payne@example.com', 'payne', 'sofia', '5424 spring st', 'queanbeyan', 'northern territory', '23036', 'kelsey', '06-6106-7567', 1),
(1301932026, 'wanda.lambert@example.com', 'lambert', 'wanda', '6855 oak lawn ave', 'warragul', 'south australia', '84021', 'silence', '06-3504-6701', 0),
(1301966249, 'noah.hansen@example.com', 'hansen', 'noah', '3614 paddock way', 'wagga wagga', 'new south wales', '91020', 'kings', '03-6162-8685', 0),
(1302356524, 'gilbert.reyes@example.com', 'reyes', 'gilbert', '9506 prospect rd', 'adelaide', 'queensland', '34808', 'crescent', '00-5767-8397', 0),
(1303666199, 'alexa.green@example.com', 'green', 'alexa', '9884 valwood pkwy', 'wagga wagga', 'victoria', '74717', 'berry', '08-5758-2212', 0),
(1303780354, 'franklin.powell@example.com', 'powell', 'franklin', '4053 oak lawn ave', 'hervey bay', 'victoria', '73966', 'stroker', '07-9806-8683', 0),
(1303795755, 'ian.carroll@example.com', 'carroll', 'ian', '4339 taylor st', 'maitland', 'australian capital territory', '29805', 'brandon1', '07-5087-7370', 0),
(1303939868, 'alan.mills@example.com', 'mills', 'alan', '2258 lakeshore rd', 'albany', 'northern territory', '11883', 'alexandr', '03-9783-1801', 0),
(1304039487, 'hunter.mccoy@example.com', 'mccoy', 'hunter', '5654 forest ln', 'dubbo', 'south australia', '41475', 'beerman', '01-9033-2196', 0),
(1304928430, 'carmen.matthews@example.com', 'matthews', 'carmen', '6745 adams st', 'bunbury', 'south australia', '16620', '98765', '00-3789-4804', 1),
(1305273408, 'harvey.smith@example.com', 'smith', 'harvey', '5711 pockrus page rd', 'busselton', 'northern territory', '99710', 'paragon', '03-7714-5797', 0),
(1305344831, 'byron.richards@example.com', 'richards', 'byron', '8325 fincher rd', 'mackay', 'south australia', '63195', 'brutus', '06-6164-2471', 0),
(1305439341, 'philip.hall@example.com', 'hall', 'philip', '3646 lovers ln', 'bathurst', 'australian capital territory', '38155', 'erotica', '01-1823-2647', 0),
(1305454650, 'sergio.fuller@example.com', 'fuller', 'sergio', '5978 marsh ln', 'devonport', 'tasmania', '15617', 'blacks', '04-3035-9846', 0),
(1305472322, 'annette.beck@example.com', 'beck', 'annette', '9460 groveland terrace', 'adelaide', 'victoria', '50938', 'walker', '06-1961-5159', 0),
(1306354401, 'clinton.owens@example.com', 'owens', 'clinton', '7792 w belt line rd', 'tweed', 'victoria', '84951', 'celeste', '02-4494-2705', 0),
(1306850246, 'tracy.thompson@example.com', 'thompson', 'tracy', '9042 w sherman dr', 'dubbo', 'new south wales', '37349', 'mememe', '01-1605-0637', 0),
(1307254287, 'anthony.jenkins@example.com', 'jenkins', 'anthony', '9103 pecan acres ln', 'tweed', 'australian capital territory', '94158', 'taco', '05-2348-7104', 0),
(1307581726, 'francisco.hernandez@example.com', 'hernandez', 'francisco', '4473 hunters creek dr', 'hervey bay', 'new south wales', '31536', 'kathleen', '08-1657-8196', 0),
(1307747253, 'arthur.andrews@example.com', 'andrews', 'arthur', '9761 fincher rd', 'hervey bay', 'new south wales', '26973', 'sprout', '07-7665-1867', 0),
(1307937167, 'daniel.berry@example.com', 'berry', 'daniel', '6891 depaul dr', 'hervey bay', 'queensland', '23141', 'mankind', '02-0738-9695', 0),
(1308446102, 'leroy.silva@example.com', 'silva', 'leroy', '5923 groveland terrace', 'geelong', 'australian capital territory', '57303', 'dork', '02-5425-8585', 0),
(1309150358, 'dennis.cruz@example.com', 'cruz', 'dennis', '1338 poplar dr', 'coffs harbour', 'queensland', '48526', 'masturbation', '02-1525-0405', 0),
(1309898880, 'tyrone.baker@example.com', 'baker', 'tyrone', '6560 n stelling rd', 'tamworth', 'australian capital territory', '95770', 'q1w2e3', '02-6316-5227', 0),
(1310064949, 'laurie.wheeler@example.com', 'wheeler', 'laurie', '9462 hunters creek dr', 'tweed', 'south australia', '37085', 'donner', '00-7018-1787', 0),
(1310513033, 'connie.jimenez@example.com', 'jimenez', 'connie', '4647 nowlin rd', 'tweed', 'new south wales', '62716', 'sophia', '05-4596-4038', 0),
(1310664463, 'ruby.gibson@example.com', 'gibson', 'ruby', '2661 pecan acres ln', 'warragul', 'australian capital territory', '10912', 'soccer1', '02-8295-4838', 0),
(1310665860, 'christina.hoffman@example.com', 'hoffman', 'christina', '7806 crockett st', 'queanbeyan', 'new south wales', '17000', 'gene', '03-2493-4346', 0),
(1311169070, 'willard.simmons@example.com', 'simmons', 'willard', '5705 spring st', 'tamworth', 'queensland', '59504', 'smoothie', '06-7329-6206', 0),
(1311253755, 'violet.watkins@example.com', 'watkins', 'violet', '1468 pecan acres ln', 'ballarat', 'new south wales', '94717', 'whatever', '02-5882-8251', 0),
(1311706514, 'lucille.brewer@example.com', 'brewer', 'lucille', '5366 prospect rd', 'sunshine coast', 'new south wales', '97381', '1984', '08-3032-1221', 0),
(1311888904, 'angel.henry@example.com', 'henry', 'angel', '9645 w gray st', 'kalgoorlie', 'australian capital territory', '33929', 'sophie', '04-4790-6090', 0),
(1312593382, 'lucy.washington@example.com', 'washington', 'lucy', '7995 ash dr', 'queanbeyan', 'western australia', '62564', 'pokemon', '07-9152-1451', 2),
(1313151419, 'valerie.baker@example.com', 'baker', 'valerie', '4690 e center st', 'cairns', 'queensland', '61649', 'techniques', '01-1114-3522', 0),
(1313590540, 'ava.hansen@example.com', 'hansen', 'ava', '3197 hillcrest rd', 'bendigo', 'south australia', '48723', 'becky', '05-7502-3318', 0),
(1313717132, 'chester.arnold@example.com', 'arnold', 'chester', '6169 ranchview dr', 'tweed', 'northern territory', '48123', 'wheels', '06-5434-9759', 2),
(1314113765, 'marshall.barnes@example.com', 'barnes', 'marshall', '5696 taylor st', 'launceston', 'victoria', '82807', 'floppy', '05-6028-2905', 0),
(1314914727, 'debra.graham@example.com', 'graham', 'debra', '4183 poplar dr', 'australian capital territory', 'western australia', '49051', 'kasper', '04-2134-2583', 0),
(1315100747, 'henry.franklin@example.com', 'franklin', 'henry', '4625 valwood pkwy', 'bunbury', 'new south wales', '19750', 'friday', '05-1960-1100', 0),
(1315184468, 'amelia.brewer@example.com', 'brewer', 'amelia', '7759 cherry st', 'port macquarie', 'new south wales', '25814', 'goose', '04-1861-3591', 0),
(1315736670, 'lance.medina@example.com', 'medina', 'lance', '3750 blossom hill rd', 'townsville', 'western australia', '24308', 'trucker', '07-6249-6866', 0),
(1316126972, 'jane.ferguson@example.com', 'ferguson', 'jane', '3343 royal ln', 'maitland', 'victoria', '38332', 'quality', '07-3704-6898', 0),
(1316372292, 'lois.wheeler@example.com', 'wheeler', 'lois', '9415 miller ave', 'devonport', 'western australia', '28992', 'redskin', '03-3903-4317', 0),
(1317062706, 'jared.olson@example.com', 'olson', 'jared', '3321 valley view ln', 'traralgon', 'south australia', '97329', 'briana', '07-7469-2297', 1),
(1317085671, 'darren.jimenez@example.com', 'jimenez', 'darren', '2303 paddock way', 'geelong', 'tasmania', '97799', 'horny', '01-2782-1620', 0),
(1317209905, 'wade.fox@example.com', 'fox', 'wade', '5876 lovers ln', 'ballarat', 'south australia', '62987', 'kidrock', '05-1290-9003', 0),
(1318184018, 'harold.richards@example.com', 'richards', 'harold', '7693 samaritan dr', 'sunshine coast', 'tasmania', '50513', 'zaq12wsx', '01-1398-4195', 0),
(1319183719, 'felecia.horton@example.com', 'horton', 'felecia', '3195 w belt line rd', 'bowral', 'victoria', '94342', 'march', '04-1271-1029', 2),
(1319190604, 'jackson.rogers@example.com', 'rogers', 'jackson', '4302 railroad st', 'bathurst', 'victoria', '89079', 'wolfie', '08-1973-3507', 0),
(1319773063, 'mabel.wallace@example.com', 'wallace', 'mabel', '9333 groveland terrace', 'launceston', 'south australia', '44512', 'rescue', '00-3888-8407', 0),
(1321174406, 'steve.boyd@example.com', 'boyd', 'steve', '9564 walnut hill ln', 'cairns', 'south australia', '42319', 'howdy', '01-7746-1186', 0),
(1321409346, 'wanda.west@example.com', 'west', 'wanda', '2126 railroad st', 'rockhampton', 'new south wales', '38048', 'joseph1', '04-5114-3423', 0),
(1321661063, 'becky.george@example.com', 'george', 'becky', '1310 marsh ln', 'mackay', 'northern territory', '35187', 'kelley', '07-7172-0744', 0),
(1321774777, 'addison.romero@example.com', 'romero', 'addison', '4202 depaul dr', 'hervey bay', 'victoria', '73719', 'kerry', '04-6729-5863', 0),
(1323755087, 'roger.owens@example.com', 'owens', 'roger', '3125 photinia ave', 'port macquarie', 'western australia', '86781', 'surf', '07-0493-5570', 0),
(1323927330, 'terrance.douglas@example.com', 'douglas', 'terrance', '6934 rolling green rd', 'bunbury', 'new south wales', '96559', 'blackcat', '04-1964-5863', 0),
(1324058793, 'herman.wallace@example.com', 'wallace', 'herman', '5884 samaritan dr', 'shepparton', 'victoria', '19000', 'sally1', '03-9071-9563', 0),
(1324583759, 'deann.johnston@example.com', 'johnston', 'deann', '6599 thornridge cir', 'brisbane', 'tasmania', '81785', 'mason1', '04-6440-1920', 2),
(1325089977, 'christopher.mitchell@example.com', 'mitchell', 'christopher', '8278 w campbell ave', 'townsville', 'western australia', '22940', 'scout', '09-8058-5542', 0),
(1325288475, 'gloria.reynolds@example.com', 'reynolds', 'gloria', '6440 mcclellan rd', 'adelaide', 'northern territory', '31686', 'ball', '09-3911-1358', 0),
(1325338694, 'ava.brooks@example.com', 'brooks', 'ava', '4565 fincher rd', 'tweed', 'northern territory', '89508', 'newcastl', '06-4759-1463', 0),
(1325633008, 'alicia.hayes@example.com', 'hayes', 'alicia', '6330 edwards rd', 'bunbury', 'northern territory', '72722', 'skipper', '00-0308-8125', 0),
(1326239939, 'jerry.kuhn@example.com', 'kuhn', 'jerry', '5500 bruce st', 'mackay', 'australian capital territory', '81604', 'because', '02-3521-7529', 0),
(1326309301, 'larry.wright@example.com', 'wright', 'larry', '7282 w pecan st', 'ballarat', 'victoria', '32559', 'return', '05-1623-0400', 0),
(1326413390, 'noelle.bradley@example.com', 'bradley', 'noelle', '8320 karen dr', 'brisbane', 'australian capital territory', '35764', '7007', '03-3746-7443', 0),
(1326881256, 'shawn.ward@example.com', 'ward', 'shawn', '1064 miller ave', 'melbourne', 'new south wales', '53689', 'benji', '06-7572-8237', 0),
(1327316612, 'ronnie.collins@example.com', 'collins', 'ronnie', '6911 first street', 'dubbo', 'victoria', '76803', 'greg', '02-0507-3263', 0),
(1327682153, 'fred.byrd@example.com', 'byrd', 'fred', '3405 hickory creek dr', 'hervey bay', 'south australia', '21747', 'beamer', '05-9200-5284', 0),
(1327987452, 'francisco.fleming@example.com', 'fleming', 'francisco', '7961 country club rd', 'busselton', 'northern territory', '63485', 'united', '00-6576-5592', 0),
(1328094075, 'delores.lawrence@example.com', 'lawrence', 'delores', '3264 e little york rd', 'perth', 'queensland', '10175', 'server', '06-8108-8672', 0),
(1328435647, 'alvin.chapman@example.com', 'chapman', 'alvin', '3365 prospect rd', 'rockhampton', 'western australia', '54463', 'jefferso', '06-0843-1083', 0),
(1328461486, 'brett.reynolds@example.com', 'reynolds', 'brett', '3228 james st', 'busselton', 'queensland', '48305', 'latino', '06-1539-8079', 0),
(1328572571, 'marcus.torres@example.com', 'torres', 'marcus', '5720 edwards rd', 'port macquarie', 'victoria', '11450', 'zanzibar', '07-3248-8663', 0),
(1328732307, 'josephine.wells@example.com', 'wells', 'josephine', '1782 elgin st', 'traralgon', 'tasmania', '49936', 'medusa', '04-9562-4002', 0),
(1328926441, 'irma.horton@example.com', 'horton', 'irma', '8861 spring hill rd', 'hervey bay', 'south australia', '35287', 'nadine', '02-0366-5125', 0),
(1330681102, 'kylie.fowler@example.com', 'fowler', 'kylie', '2921 white oak dr', 'kalgoorlie', 'new south wales', '71266', 'red123', '09-7987-2841', 0),
(1331027580, 'victoria.ryan@example.com', 'ryan', 'victoria', '4911 mcgowen st', 'coffs harbour', 'tasmania', '33124', 'arlene', '03-8488-8216', 0),
(1331186412, 'liam.ortiz@example.com', 'ortiz', 'liam', '1464 mcgowen st', 'maitland', 'tasmania', '35125', 'temptress', '02-2588-5885', 0),
(1331287864, 'ron.sutton@example.com', 'sutton', 'ron', '1263 thornridge cir', 'queanbeyan', 'victoria', '26110', 'peacock', '02-1659-6466', 0),
(1331288370, 'glenda.schmidt@example.com', 'schmidt', 'glenda', '5952 w campbell ave', 'cairns', 'south australia', '20966', 'fender', '04-8097-9823', 0),
(1331433240, 'felix.morales@example.com', 'morales', 'felix', '5998 dogwood ave', 'adelaide', 'queensland', '80437', 'cumslut', '04-2004-4583', 0),
(1331497662, 'kristin.hunter@example.com', 'hunter', 'kristin', '6205 w pecan st', 'townsville', 'south australia', '22892', 'brent', '09-9003-3851', 0),
(1331578436, 'allen.hill@example.com', 'hill', 'allen', '5305 crockett st', 'sunshine coast', 'south australia', '37992', 'banshee', '02-3206-1926', 0),
(1331813778, 'veronica.simpson@example.com', 'simpson', 'veronica', '5795 lakeview st', 'adelaide', 'northern territory', '15100', 'grand', '02-8249-6783', 0),
(1332224706, 'constance.freeman@example.com', 'freeman', 'constance', '2717 rolling green rd', 'rockhampton', 'south australia', '90388', 'heritage', '05-5689-0002', 0),
(1332567710, 'irma.newman@example.com', 'newman', 'irma', '3552 e center st', 'port macquarie', 'queensland', '99287', 'andersen', '05-0089-0134', 0),
(1333155497, 'harvey.king@example.com', 'king', 'harvey', '7435 walnut hill ln', 'brisbane', 'victoria', '16415', 'wg8e3wjf', '05-0208-7697', 0),
(1334465640, 'troy.tucker@example.com', 'tucker', 'troy', '4233 frances ct', 'dubbo', 'australian capital territory', '51058', 'review', '07-6112-6657', 0),
(1335444524, 'jeremiah.ford@example.com', 'ford', 'jeremiah', '4305 shady ln dr', 'rockhampton', 'australian capital territory', '53733', 'a1234567', '00-3255-1938', 0),
(1335665547, 'ryan.collins@example.com', 'collins', 'ryan', '2352 parker rd', 'bundaberg', 'south australia', '86462', 'monster', '08-3239-5055', 0),
(1336193857, 'gina.wallace@example.com', 'wallace', 'gina', '9660 elgin st', 'mackay', 'tasmania', '80500', 'penny', '06-1630-8429', 2),
(1336429921, 'lester.owens@example.com', 'owens', 'lester', '6064 photinia ave', 'sunshine coast', 'northern territory', '10368', 'energy', '00-0259-3047', 2),
(1336702865, 'lynn.bryant@example.com', 'bryant', 'lynn', '6343 stevens creek blvd', 'gladstone', 'new south wales', '83763', 'rabbit', '04-6246-6458', 0),
(1336762536, 'jerome.stanley@example.com', 'stanley', 'jerome', '3845 avondale ave', 'gladstone', 'australian capital territory', '66369', 'lust', '07-3131-2438', 0),
(1336831310, 'javier.medina@example.com', 'medina', 'javier', '4863 miller ave', 'albury', 'victoria', '26329', 'rolex', '01-9989-1400', 2),
(1337166279, 'amelia.hansen@example.com', 'hansen', 'amelia', '6454 mockingbird ln', 'albany', 'new south wales', '39585', 'shorty', '09-0495-3511', 0),
(1337400397, 'bertha.sullivan@example.com', 'sullivan', 'bertha', '1910 mockingbird hill', 'busselton', 'queensland', '61047', 'weller', '03-4009-5709', 0),
(1337587231, 'mario.harris@example.com', 'harris', 'mario', '9148 valley view ln', 'maitland', 'new south wales', '14268', 'ridge', '04-0893-2712', 0),
(1337751193, 'wesley.dean@example.com', 'dean', 'wesley', '5668 timber wolf trail', 'wagga wagga', 'tasmania', '12259', 'reng', '08-4383-9445', 0),
(1338602285, 'howard.sutton@example.com', 'sutton', 'howard', '9505 e sandy lake rd', 'port macquarie', 'south australia', '26160', 'zipper', '04-2696-7430', 0),
(1338607250, 'cecil.bishop@example.com', 'bishop', 'cecil', '9045 miller ave', 'launceston', 'queensland', '37166', 'frederic', '05-8684-7482', 0),
(1338810401, 'dana.flores@example.com', 'flores', 'dana', '4730 groveland terrace', 'port macquarie', 'northern territory', '98755', 'hjkl', '02-1731-7437', 0),
(1338992297, 'eddie.harvey@example.com', 'harvey', 'eddie', '5082 woodland st', 'warrnambool', 'south australia', '18026', 'sauron', '02-3456-9109', 0),
(1339001201, 'larry.lucas@example.com', 'lucas', 'larry', '1492 cackson st', 'bendigo', 'queensland', '86042', 'cleo', '07-6570-1839', 0),
(1339868801, 'jeanette.freeman@example.com', 'freeman', 'jeanette', '8285 railroad st', 'sydney', 'australian capital territory', '25790', 'zombie', '01-7517-5099', 0),
(1339995735, 'aaron.day@example.com', 'day', 'aaron', '4564 woodland st', 'sunshine coast', 'new south wales', '17014', 'ollie', '01-6867-3708', 0),
(1340481046, 'brandie.hamilton@example.com', 'hamilton', 'brandie', '3581 marsh ln', 'brisbane', 'tasmania', '96429', 'lemmein', '08-8532-5968', 0),
(1340499950, 'beatrice.black@example.com', 'black', 'beatrice', '4244 bollinger rd', 'albury', 'western australia', '40255', 'rice', '08-7503-3274', 0),
(1342992610, 'clayton.matthews@example.com', 'matthews', 'clayton', '9839 royal ln', 'bundaberg', 'new south wales', '70236', 'hithere', '04-0186-8599', 0),
(1343202680, 'rodney.fox@example.com', 'fox', 'rodney', '3819 oak lawn ave', 'perth', 'western australia', '24141', 'brodie', '00-1346-6458', 0),
(1344670034, 'ethel.stanley@example.com', 'stanley', 'ethel', '6641 lone wolf trail', 'wollongong', 'australian capital territory', '78291', 'trevor', '03-3150-9155', 0),
(1344736724, 'lucille.gonzales@example.com', 'gonzales', 'lucille', '3665 smokey ln', 'hervey bay', 'new south wales', '20565', 'ultra', '08-7897-0605', 0),
(1345090365, 'james.cox@example.com', 'cox', 'james', '2081 avondale ave', 'dubbo', 'western australia', '96078', 'grumpy', '02-9545-8357', 0),
(1347153727, 'ramona.garrett@example.com', 'garrett', 'ramona', '3040 w dallas st', 'albury', 'victoria', '49730', 'tracer', '01-9895-1196', 0),
(1347563286, 'kevin.collins@example.com', 'collins', 'kevin', '4695 hunters creek dr', 'busselton', 'queensland', '86302', 'treble', '02-0341-0420', 0),
(1347659445, 'jennifer.turner@example.com', 'turner', 'jennifer', '8348 first street', 'bendigo', 'western australia', '60036', 'qing', '02-0904-1977', 0),
(1347901633, 'julio.rice@example.com', 'rice', 'julio', '2474 woodland st', 'coffs harbour', 'tasmania', '41922', 'spinner', '05-5195-6167', 0),
(1347999671, 'elijah.crawford@example.com', 'crawford', 'elijah', '2581 e center st', 'mackay', 'queensland', '91198', 'skyler', '00-3953-4703', 0),
(1348170167, 'lewis.brooks@example.com', 'brooks', 'lewis', '6225 valwood pkwy', 'geraldton', 'queensland', '69084', '5329', '04-4520-8487', 0),
(1348440114, 'jacob.chapman@example.com', 'chapman', 'jacob', '2337 harrison ct', 'darwin', 'victoria', '84942', 'oregon', '08-5263-1881', 0),
(1348643842, 'carrie.thomas@example.com', 'thomas', 'carrie', '5492 hamilton ave', 'bathurst', 'western australia', '77760', 'rush2112', '09-9707-9075', 0),
(1349246274, 'linda.vargas@example.com', 'vargas', 'linda', '3114 woodland st', 'bunbury', 'northern territory', '13811', 'megan1', '07-7458-2528', 0),
(1349580045, 'marcia.banks@example.com', 'banks', 'marcia', '2833 brown terrace', 'orange', 'new south wales', '46132', 'around', '09-4771-8154', 0),
(1350203182, 'camila.turner@example.com', 'turner', 'camila', '1513 brown terrace', 'nowra', 'south australia', '42909', 'lkjh', '05-4472-0923', 0),
(1350410895, 'jessica.wilson@example.com', 'wilson', 'jessica', '9847 country club rd', 'geraldton', 'new south wales', '59855', 'hurricane', '08-6321-9057', 0),
(1351606859, 'carlos.burton@example.com', 'burton', 'carlos', '7482 frances ct', 'tamworth', 'western australia', '64250', 'javier', '06-8765-8222', 0),
(1351891284, 'joyce.gomez@example.com', 'gomez', 'joyce', '5121 northaven rd', 'wagga wagga', 'tasmania', '75006', 'hattrick', '07-9034-0436', 0),
(1352116222, 'anthony.stephens@example.com', 'stephens', 'anthony', '1285 college st', 'tamworth', 'tasmania', '73496', 'friday', '07-3307-5156', 0),
(1353284234, 'nevaeh.gomez@example.com', 'gomez', 'nevaeh', '5206 brown terrace', 'bendigo', 'new south wales', '31680', 'asdf', '02-0050-5463', 0),
(1354073766, 'shelly.boyd@example.com', 'boyd', 'shelly', '6409 smokey ln', 'hervey bay', 'western australia', '98015', 'smithers', '06-0187-9210', 0),
(1354173018, 'floyd.rivera@example.com', 'rivera', 'floyd', '4568 w pecan st', 'rockhampton', 'western australia', '55755', 'huan', '01-4794-8352', 0),
(1354587827, 'norma.turner@example.com', 'turner', 'norma', '6884 prospect rd', 'townsville', 'victoria', '43141', 'soldier', '05-9209-8877', 0),
(1354665005, 'ray.wallace@example.com', 'wallace', 'ray', '8052 samaritan dr', 'busselton', 'western australia', '91681', 'dammit', '06-3287-4637', 0),
(1356046811, 'franklin.harvey@example.com', 'harvey', 'franklin', '4146 locust rd', 'devonport', 'queensland', '78456', 'liverpoo', '02-5324-2572', 0),
(1356704461, 'tina.hernandez@example.com', 'hernandez', 'tina', '6075 preston rd', 'albany', 'australian capital territory', '22040', 'allen1', '09-0685-8272', 0),
(1356870172, 'richard.gardner@example.com', 'gardner', 'richard', '3576 valley view ln', 'bendigo', 'new south wales', '34369', 'burton', '00-9932-7875', 0),
(1357702881, 'stacey.shaw@example.com', 'shaw', 'stacey', '5937 w campbell ave', 'wollongong', 'victoria', '60208', 'kiwi', '02-2239-3327', 0),
(1359452175, 'bessie.simpson@example.com', 'simpson', 'bessie', '1925 northaven rd', 'bunbury', 'australian capital territory', '60913', 'nnnnn', '01-1189-4228', 0),
(1359529611, 'naomi.lee@example.com', 'lee', 'naomi', '4767 miller ave', 'gladstone', 'south australia', '84228', 'wine', '09-6076-3530', 0),
(1359882092, 'elijah.peters@example.com', 'peters', 'elijah', '7845 photinia ave', 'albany', 'northern territory', '35480', 'augusta', '07-3763-8761', 0),
(1360527883, 'renee.jennings@example.com', 'jennings', 'renee', '1211 groveland terrace', 'warrnambool', 'western australia', '45916', 'team', '04-6909-4504', 0),
(1361328337, 'judith.ruiz@example.com', 'ruiz', 'judith', '6484 w pecan st', 'bowral', 'western australia', '98915', 'century', '02-2478-9110', 0),
(1362088677, 'harry.myers@example.com', 'myers', 'harry', '6915 e little york rd', 'bendigo', 'australian capital territory', '47252', 'fffff', '07-1553-9949', 0),
(1364442134, 'bradley.spencer@example.com', 'spencer', 'bradley', '5887 karen dr', 'mildura', 'queensland', '61005', 'tyler1', '03-4172-7000', 0),
(1364674637, 'hunter.lowe@example.com', 'lowe', 'hunter', '6749 blossom hill rd', 'launceston', 'new south wales', '81297', 'xyz123', '09-2015-8258', 0),
(1364679239, 'salvador.king@example.com', 'king', 'salvador', '1092 robinson rd', 'albany', 'western australia', '25384', 'kuan', '08-4453-5572', 0),
(1365539750, 'andy.ford@example.com', 'ford', 'andy', '6798 nowlin rd', 'sydney', 'south australia', '62564', 'sprinter', '08-7580-8917', 0),
(1365631720, 'levi.ortiz@example.com', 'ortiz', 'levi', '3295 crockett st', 'albany', 'new south wales', '41335', 'woofer', '09-3893-7516', 0),
(1365881634, 'peggy.gonzalez@example.com', 'gonzalez', 'peggy', '8874 ash dr', 'warrnambool', 'australian capital territory', '28151', 'babe', '09-7921-4706', 2),
(1366393782, 'rafael.montgomery@example.com', 'montgomery', 'rafael', '2896 green rd', 'hobart', 'queensland', '34182', 'knight', '08-3090-9213', 0),
(1366612173, 'nathan.torres@example.com', 'torres', 'nathan', '6907 robinson rd', 'mackay', 'new south wales', '28430', 'sister', '07-1071-4460', 0),
(1369208091, 'marcia.thompson@example.com', 'thompson', 'marcia', '1279 railroad st', 'devonport', 'queensland', '30002', 'sancho', '08-1177-1010', 0),
(1369500589, 'fred.turner@example.com', 'turner', 'fred', '2770 walnut hill ln', 'albury', 'new south wales', '75777', 'penthous', '05-1037-3965', 0),
(1370873130, 'krin.lowe@example.com', 'lowe', 'krin', '6109 miller ave', 'hervey bay', 'new south wales', '89757', 'anderson', '04-4575-9402', 0),
(1371422041, 'tyler.douglas@example.com', 'douglas', 'tyler', '5006 dogwood ave', 'melbourne', 'queensland', '71105', 'clovis', '00-8784-3011', 0),
(1371640480, 'nathaniel.lynch@example.com', 'lynch', 'nathaniel', '2358 mcclellan rd', 'traralgon', 'western australia', '26469', 'walter', '01-1792-9707', 0),
(1371725821, 'sean.turner@example.com', 'turner', 'sean', '6803 cherry st', 'kalgoorlie', 'northern territory', '29620', 'galant', '02-1157-0637', 0),
(1371753664, 'sonia.brown@example.com', 'brown', 'sonia', '6971 photinia ave', 'maitland', 'queensland', '98007', 'black1', '01-0547-1413', 0),
(1372294750, 'gordon.crawford@example.com', 'crawford', 'gordon', '4468 cherry st', 'adelaide', 'south australia', '54592', 'killbill', '05-9086-5322', 0),
(1372784354, 'alberto.lawrence@example.com', 'lawrence', 'alberto', '4916 w 6th st', 'albany', 'queensland', '65042', 'japan', '07-8707-2564', 0),
(1373190941, 'alicia.ellis@example.com', 'ellis', 'alicia', '1437 fincher rd', 'mildura', 'queensland', '46835', '25802580', '06-7050-7904', 0),
(1373520579, 'abigail.burton@example.com', 'burton', 'abigail', '9733 w dallas st', 'mackay', 'australian capital territory', '24195', 'thethe', '03-1402-1481', 0),
(1373792415, 'tracey.fleming@example.com', 'fleming', 'tracey', '6022 timber wolf trail', 'toowoomba', 'northern territory', '54428', 'bookworm', '01-5977-3756', 0),
(1374251920, 'joyce.carpenter@example.com', 'carpenter', 'joyce', '4707 crockett st', 'wollongong', 'western australia', '20307', 'nono', '06-1471-5033', 0),
(1374905732, 'rachel.henderson@example.com', 'henderson', 'rachel', '6347 cackson st', 'townsville', 'tasmania', '10651', 'ripple', '04-8022-1222', 0),
(1374977938, 'marion.robertson@example.com', 'robertson', 'marion', '5375 locust rd', 'townsville', 'australian capital territory', '90388', 'taichi', '07-2877-7328', 0),
(1375143481, 'irma.west@example.com', 'west', 'irma', '7406 hunters creek dr', 'shepparton', 'south australia', '63508', 'tiberius', '04-8201-2561', 0),
(1375737223, 'ian.riley@example.com', 'riley', 'ian', '8983 spring hill rd', 'adelaide', 'australian capital territory', '76468', 'burrito', '08-5352-4683', 0),
(1375964645, 'grace.wagner@example.com', 'wagner', 'grace', '1697 bruce st', 'melbourne', 'victoria', '39053', 'corleone', '08-2761-4010', 0),
(1376185465, 'lorraine.horton@example.com', 'horton', 'lorraine', '9258 timber wolf trail', 'launceston', 'tasmania', '24972', 'vipers', '04-3186-7932', 0),
(1376271256, 'bobby.bell@example.com', 'bell', 'bobby', '9092 timber wolf trail', 'toowoomba', 'western australia', '50018', 'riffraff', '00-1076-0611', 0),
(1376476925, 'lynn.walker@example.com', 'walker', 'lynn', '9639 samaritan dr', 'wollongong', 'victoria', '15040', 'stock', '01-0949-9531', 0),
(1377597984, 'don.murphy@example.com', 'murphy', 'don', '8506 thornridge cir', 'melbourne', 'queensland', '69296', '404040', '08-4530-7743', 0),
(1377840389, 'jesse.warren@example.com', 'warren', 'jesse', '4928 e center st', 'wollongong', 'victoria', '32399', 'dragons', '02-6007-3707', 0),
(1378090226, 'carl.matthews@example.com', 'matthews', 'carl', '7648 preston rd', 'bendigo', 'western australia', '67395', 'hillary', '01-6375-6505', 0),
(1378186205, 'wendy.willis@example.com', 'willis', 'wendy', '6890 mcgowen st', 'wollongong', 'new south wales', '43886', 'pookey', '00-7203-8886', 0),
(1379214265, 'evelyn.boyd@example.com', 'boyd', 'evelyn', '9806 groveland terrace', 'darwin', 'western australia', '83595', 'bumper', '07-4695-2572', 0),
(1380524109, 'elaine.welch@example.com', 'welch', 'elaine', '9265 dane st', 'devonport', 'new south wales', '74456', 'tardis', '05-1261-0359', 0),
(1381478915, 'joan.mason@example.com', 'mason', 'joan', '8871 bollinger rd', 'hervey bay', 'western australia', '68673', 'muffin', '01-2195-9564', 0),
(1381522773, 'ellen.pearson@example.com', 'pearson', 'ellen', '1410 brown terrace', 'ballarat', 'western australia', '46388', 'toolbox', '04-3035-0609', 0),
(1381754797, 'aubrey.carpenter@example.com', 'carpenter', 'aubrey', '4789 frances ct', 'mackay', 'south australia', '99628', 'chinese', '03-8015-6184', 0),
(1382080617, 'lonnie.rhodes@example.com', 'rhodes', 'lonnie', '3259 w gray st', 'queanbeyan', 'tasmania', '94041', 'ford', '00-8368-6572', 0),
(1382096731, 'christine.boyd@example.com', 'boyd', 'christine', '4394 fairview st', 'rockhampton', 'queensland', '53018', '4121', '05-3642-7750', 0),
(1382680089, 'michelle.washington@example.com', 'washington', 'michelle', '3501 white oak dr', 'cairns', 'northern territory', '77017', 'model', '01-6650-3346', 0),
(1383796688, 'yvonne.willis@example.com', 'willis', 'yvonne', '5401 bruce st', 'albany', 'south australia', '13477', 'contract', '07-7858-8720', 0),
(1384468891, 'jeremiah.wells@example.com', 'wells', 'jeremiah', '2935 lovers ln', 'gladstone', 'new south wales', '46677', 'lekker', '02-9379-9557', 0),
(1384524056, 'andrea.armstrong@example.com', 'armstrong', 'andrea', '7145 homestead rd', 'bundaberg', 'australian capital territory', '90932', '7894', '00-0879-3722', 0),
(1384551622, 'amelia.hernandez@example.com', 'hernandez', 'amelia', '8330 pecan acres ln', 'geelong', 'tasmania', '32162', 'sputnik', '00-5918-7681', 0),
(1384811140, 'marian.stewart@example.com', 'stewart', 'marian', '8573 samaritan dr', 'coffs harbour', 'western australia', '29256', 'jockey', '06-3836-6292', 1),
(1385445508, 'mia.butler@example.com', 'butler', 'mia', '3205 eason rd', 'adelaide', 'western australia', '84908', 'spot', '08-7574-7247', 0),
(1386227381, 'virgil.murray@example.com', 'murray', 'virgil', '2220 e pecan st', 'warragul', 'tasmania', '78176', 'govols', '08-2047-2727', 0),
(1388014965, 'anthony.murray@example.com', 'murray', 'anthony', '7985 country club rd', 'perth', 'northern territory', '23071', 'pacman', '01-6889-9287', 2),
(1388110376, 'warren.diaz@example.com', 'diaz', 'warren', '8172 avondale ave', 'hervey bay', 'western australia', '65925', 'lllllll', '06-9888-0126', 0),
(1388151835, 'shelly.wheeler@example.com', 'wheeler', 'shelly', '7546 forest ln', 'coffs harbour', 'victoria', '77557', 'fatcat', '01-4691-5965', 0),
(1388235283, 'wyatt.howell@example.com', 'howell', 'wyatt', '9211 camden ave', 'kalgoorlie', 'northern territory', '42387', 'charity', '06-1432-2666', 0),
(1388255747, 'rita.smith@example.com', 'smith', 'rita', '2560 cherry st', 'townsville', 'northern territory', '34298', 'fighting', '03-2794-9000', 0),
(1388867631, 'charlie.berry@example.com', 'berry', 'charlie', '8924 mockingbird hill', 'toowoomba', 'western australia', '26043', 'molly', '04-6588-8712', 0),
(1389030677, 'albert.stephens@example.com', 'stephens', 'albert', '8902 timber wolf trail', 'perth', 'victoria', '90163', 'sheldon', '06-9173-7035', 0),
(1389779287, 'judith.martin@example.com', 'martin', 'judith', '9502 marsh ln', 'tamworth', 'new south wales', '72459', 'grande', '02-9787-1566', 0),
(1390566120, 'leslie.freeman@example.com', 'freeman', 'leslie', '1006 bollinger rd', 'gladstone', 'south australia', '16117', '1996', '05-7603-5920', 0),
(1391253657, 'abigail.hoffman@example.com', 'hoffman', 'abigail', '7702 brown terrace', 'cairns', 'queensland', '61678', 'hello2', '02-8220-3777', 0),
(1392855996, 'julian.watkins@example.com', 'watkins', 'julian', '5487 smokey ln', 'bowral', 'new south wales', '76263', 'police', '09-7793-7774', 0),
(1393909240, 'tom.kuhn@example.com', 'kuhn', 'tom', '4175 westheimer rd', 'sunshine coast', 'queensland', '61609', '1994', '07-5647-8051', 0),
(1394523228, 'kathryn.flores@example.com', 'flores', 'kathryn', '4395 westheimer rd', 'melbourne', 'western australia', '21444', 'bigone', '08-2322-8982', 0),
(1394589853, 'raymond.ray@example.com', 'ray', 'raymond', '2754 homestead rd', 'brisbane', 'queensland', '27143', 'sherlock', '07-8732-4282', 0),
(1397173028, 'douglas.hart@example.com', 'hart', 'douglas', '2455 w sherman dr', 'melbourne', 'western australia', '99237', 'sales', '02-5563-7487', 0),
(1397388965, 'theresa.boyd@example.com', 'boyd', 'theresa', '2873 brown terrace', 'adelaide', 'western australia', '85010', 'helmet', '06-9761-7702', 0),
(1397637547, 'ken.perez@example.com', 'perez', 'ken', '7452 marsh ln', 'geelong', 'western australia', '73767', 'pokey', '08-2482-6320', 0),
(1397660502, 'myrtle.steward@example.com', 'steward', 'myrtle', '9503 woodland st', 'geelong', 'western australia', '24219', 'thompson', '09-2608-6324', 0),
(1397837828, 'alexa.fleming@example.com', 'fleming', 'alexa', '3310 e pecan st', 'bowral', 'tasmania', '76288', 'diego', '09-3074-0051', 0),
(1398440364, 'seth.henderson@example.com', 'henderson', 'seth', '7669 nowlin rd', 'tamworth', 'tasmania', '43828', 'peacock', '05-2790-9515', 0),
(1398711506, 'travis.beck@example.com', 'beck', 'travis', '2939 cackson st', 'hobart', 'new south wales', '81928', 'tootie', '09-0940-6020', 0),
(1398721980, 'elmer.harris@example.com', 'harris', 'elmer', '5855 valley view ln', 'maitland', 'australian capital territory', '36856', 'nang', '04-8686-2735', 0),
(1398724358, 'grace.tucker@example.com', 'tucker', 'grace', '1877 w belt line rd', 'geraldton', 'queensland', '48759', '12344321', '03-2371-6644', 0),
(1399107914, 'antonio.nguyen@example.com', 'nguyen', 'antonio', '1046 w 6th st', 'dubbo', 'tasmania', '48714', 'cola', '05-6522-1370', 1),
(1399537621, 'denise.young@example.com', 'young', 'denise', '7738 brown terrace', 'dubbo', 'australian capital territory', '21672', 'darthvad', '07-2521-1208', 0),
(1400179359, 'melvin.scott@example.com', 'scott', 'melvin', '3567 saddle dr', 'warragul', 'australian capital territory', '27195', 'lesbean', '09-9819-6201', 0),
(1401200532, 'ken.rodriquez@example.com', 'rodriquez', 'ken', '5565 lakeview st', 'kalgoorlie', 'tasmania', '59876', 'islander', '04-1262-7132', 0),
(1402003186, 'judith.burns@example.com', 'burns', 'judith', '9403 karen dr', 'geelong', 'victoria', '69772', 'spectre', '06-9000-2221', 0),
(1402325412, 'warren.barnes@example.com', 'barnes', 'warren', '4601 miller ave', 'gladstone', 'northern territory', '72242', 'homers', '09-4482-1117', 0),
(1402413199, 'tyler.garza@example.com', 'garza', 'tyler', '5717 avondale ave', 'queanbeyan', 'australian capital territory', '63677', 'prime', '05-3629-3176', 0),
(1402989655, 'gabriel.rhodes@example.com', 'rhodes', 'gabriel', '4813 nowlin rd', 'toowoomba', 'western australia', '74246', 'vickie', '05-2384-9997', 0),
(1403125019, 'jill.spencer@example.com', 'spencer', 'jill', '8388 prospect rd', 'rockhampton', 'western australia', '98167', 'secure', '00-3725-8464', 0),
(1403148237, 'bruce.scott@example.com', 'scott', 'bruce', '1805 lone wolf trail', 'tamworth', 'victoria', '98552', 'colleen', '09-1975-1687', 0),
(1403217971, 'maurice.fields@example.com', 'fields', 'maurice', '2823 wheeler ridge dr', 'mackay', 'tasmania', '53407', 'holmes', '01-4105-3123', 0),
(1403513708, 'ana.wells@example.com', 'wells', 'ana', '4091 country club rd', 'hervey bay', 'victoria', '72170', 'pacino', '08-8330-8993', 0),
(1404015615, 'austin.riley@example.com', 'riley', 'austin', '2670 central st', 'queanbeyan', 'victoria', '41080', 'shaved', '04-5190-1969', 0),
(1404035020, 'stephanie.bennett@example.com', 'bennett', 'stephanie', '6808 samaritan dr', 'perth', 'western australia', '67027', 'dodgeram', '01-6519-8460', 0),
(1404439825, 'loretta.morris@example.com', 'morris', 'loretta', '6997 rolling green rd', 'hervey bay', 'queensland', '20875', 'qqqqqq', '08-6767-6261', 0),
(1404817441, 'bruce.howell@example.com', 'howell', 'bruce', '1242 e little york rd', 'geraldton', 'new south wales', '35560', 'freeze', '01-3162-7973', 0),
(1404910872, 'brennan.fisher@example.com', 'fisher', 'brennan', '8197 taylor st', 'tweed', 'south australia', '40693', 'bayern', '05-7695-3735', 0),
(1404929511, 'kyle.brown@example.com', 'brown', 'kyle', '3423 e center st', 'traralgon', 'queensland', '58013', 'dddd', '06-9554-2949', 0),
(1405020102, 'elsie.austin@example.com', 'austin', 'elsie', '5096 dane st', 'albany', 'queensland', '27200', 'spock', '05-6927-3864', 0),
(1405127648, 'clyde.day@example.com', 'day', 'clyde', '2092 woodland st', 'warrnambool', 'south australia', '86564', 'orgy', '07-2340-5099', 0),
(1405812180, 'harold.bates@example.com', 'bates', 'harold', '3235 spring st', 'toowoomba', 'australian capital territory', '52434', 'darrell', '04-6927-7076', 0),
(1406149526, 'anthony.bailey@example.com', 'bailey', 'anthony', '1715 westheimer rd', 'australian capital territory', 'queensland', '94442', 'loving', '02-2075-3789', 0),
(1406210499, 'stacy.carter@example.com', 'carter', 'stacy', '2452 hunters creek dr', 'shepparton', 'western australia', '14827', 'serena', '04-6858-6201', 0),
(1406428662, 'ana.walker@example.com', 'walker', 'ana', '7031 w belt line rd', 'gladstone', 'queensland', '33069', 'barnes', '09-1761-7356', 0),
(1407594291, 'tyler.johnston@example.com', 'johnston', 'tyler', '2553 mockingbird ln', 'melbourne', 'victoria', '20164', 'premium', '06-3586-2030', 0),
(1408861445, 'earl.kelley@example.com', 'kelley', 'earl', '3542 washington ave', 'brisbane', 'new south wales', '77982', 'ling', '07-3829-4471', 0),
(1409015529, 'tracy.flores@example.com', 'flores', 'tracy', '1660 ash dr', 'wollongong', 'tasmania', '71185', 'miguel', '06-0170-2055', 0),
(1409085326, 'franklin.stanley@example.com', 'stanley', 'franklin', '4170 groveland terrace', 'warrnambool', 'northern territory', '44215', 'smokes', '01-2120-8590', 0),
(1409408898, 'rodney.long@example.com', 'long', 'rodney', '9583 w campbell ave', 'devonport', 'tasmania', '59119', 'saratoga', '05-1210-6292', 0),
(1409692151, 'claire.craig@example.com', 'craig', 'claire', '3549 forest ln', 'adelaide', 'australian capital territory', '96199', 'moomoo', '09-3120-9771', 0),
(1410388413, 'lester.hanson@example.com', 'hanson', 'lester', '7305 plum st', 'hobart', 'tasmania', '63919', 'monty', '03-8910-6479', 0),
(1411440708, 'walter.meyer@example.com', 'meyer', 'walter', '8884 robinson rd', 'bowral', 'queensland', '35337', 'cornell', '06-9460-8479', 0),
(1411783203, 'cody.may@example.com', 'may', 'cody', '4353 hickory creek dr', 'queanbeyan', 'northern territory', '70008', 'metal', '05-5757-2631', 0),
(1413180511, 'anna.schmidt@example.com', 'schmidt', 'anna', '9663 oak ridge ln', 'busselton', 'south australia', '99860', 'scooter1', '08-9255-6653', 0),
(1413393274, 'jean.kuhn@example.com', 'kuhn', 'jean', '4407 lone wolf trail', 'australian capital territory', 'australian capital territory', '22089', 'loveme', '01-8971-4157', 0),
(1413639066, 'carlos.lucas@example.com', 'lucas', 'carlos', '5512 hamilton ave', 'bathurst', 'northern territory', '70134', 'lover1', '00-2476-0236', 0),
(1413695636, 'jerome.hernandez@example.com', 'hernandez', 'jerome', '8150 northaven rd', 'coffs harbour', 'tasmania', '22298', 'sweden', '01-1167-1465', 0),
(1413835867, 'mark.alexander@example.com', 'alexander', 'mark', '7059 hamilton ave', 'albany', 'south australia', '82093', 'passthie', '03-9355-5161', 0),
(1413999238, 'stephen.gomez@example.com', 'gomez', 'stephen', '9740 first street', 'shepparton', 'tasmania', '67479', 'asswipe', '04-2223-2289', 0),
(1414028407, 'perry.andrews@example.com', 'andrews', 'perry', '6848 blossom hill rd', 'melbourne', 'new south wales', '33639', '1978', '09-0611-7729', 0),
(1414256485, 'kristina.harper@example.com', 'harper', 'kristina', '5758 elgin st', 'perth', 'western australia', '12724', '171717', '04-3644-1144', 0),
(1415181578, 'lesa.ward@example.com', 'ward', 'lesa', '1986 pockrus page rd', 'brisbane', 'tasmania', '91756', 'blessed', '05-2668-3960', 0),
(1415358683, 'roberto.jenkins@example.com', 'jenkins', 'roberto', '5279 royal ln', 'albury', 'new south wales', '98245', 'test', '02-3313-4187', 0),
(1415502170, 'kelly.murphy@example.com', 'murphy', 'kelly', '7351 lone wolf trail', 'albury', 'victoria', '82760', 'bacchus', '01-9156-1758', 0),
(1415969999, 'dan.burke@example.com', 'burke', 'dan', '3250 pecan acres ln', 'maitland', 'northern territory', '60155', 'lawyer', '03-7304-9769', 0),
(1416045597, 'craig.stanley@example.com', 'stanley', 'craig', '3247 w campbell ave', 'nowra', 'south australia', '33285', 'snow', '01-4262-2616', 0),
(1416521644, 'oscar.collins@example.com', 'collins', 'oscar', '7090 oak ridge ln', 'bathurst', 'queensland', '91310', 'shag', '06-3527-4893', 0),
(1417048795, 'noelle.franklin@example.com', 'franklin', 'noelle', '8878 w campbell ave', 'bunbury', 'new south wales', '63573', 'abc123', '01-7935-4889', 0),
(1417976318, 'sara.rodriquez@example.com', 'rodriquez', 'sara', '5147 edwards rd', 'rockhampton', 'tasmania', '13385', 'sabrina', '04-6897-4802', 0),
(1418123094, 'leo.robertson@example.com', 'robertson', 'leo', '2109 ash dr', 'busselton', 'victoria', '45059', 'paranoid', '01-6299-7348', 0),
(1418907162, 'jason.owens@example.com', 'owens', 'jason', '5291 frances ct', 'coffs harbour', 'northern territory', '29589', 'merlot', '00-1802-3125', 0),
(1419242426, 'kathy.allen@example.com', 'allen', 'kathy', '7187 royal ln', 'busselton', 'western australia', '43899', 'singer', '08-7077-2465', 2),
(1419603933, 'jose.stewart@example.com', 'stewart', 'jose', '7542 robinson rd', 'sydney', 'australian capital territory', '28012', 'shells', '03-4743-6189', 0),
(1419661235, 'isabella.brewer@example.com', 'brewer', 'isabella', '2900 taylor st', 'orange', 'new south wales', '39316', 'keksa12', '05-8798-5964', 0),
(1419758735, 'beatrice.james@example.com', 'james', 'beatrice', '4732 taylor st', 'gladstone', 'new south wales', '90017', 'laurie', '06-0240-0877', 0),
(1420427379, 'kylie.russell@example.com', 'russell', 'kylie', '6679 white oak dr', 'dubbo', 'queensland', '38344', 'sheng', '00-5137-0631', 0),
(1420603930, 'elijah.peterson@example.com', 'peterson', 'elijah', '8600 prospect rd', 'albany', 'tasmania', '55655', 'sabrina1', '04-5216-3710', 0),
(1420664692, 'shane.gray@example.com', 'gray', 'shane', '5661 lone wolf trail', 'warrnambool', 'northern territory', '48753', 'f**k', '06-9125-0201', 0),
(1420911990, 'edward.martin@example.com', 'martin', 'edward', '7975 mockingbird hill', 'port macquarie', 'northern territory', '62882', 'burn', '04-7164-0410', 0),
(1421114929, 'wanda.jones@example.com', 'jones', 'wanda', '9033 ash dr', 'cairns', 'south australia', '20084', 'phoenix', '07-4244-6828', 0),
(1421270049, 'alex.jacobs@example.com', 'jacobs', 'alex', '7673 mockingbird ln', 'mildura', 'south australia', '19837', 'beatrice', '00-4862-9031', 0),
(1421483990, 'vincent.bailey@example.com', 'bailey', 'vincent', '5238 hamilton ave', 'geraldton', 'northern territory', '79017', '9999999', '05-4419-8400', 0),
(1421906460, 'brad.hunter@example.com', 'hunter', 'brad', '6104 daisy dr', 'tamworth', 'australian capital territory', '64560', 'speedway', '07-1895-0012', 0),
(1422026912, 'brennan.ferguson@example.com', 'ferguson', 'brennan', '1273 fairview st', 'rockhampton', 'south australia', '50442', 'pepsi', '03-5694-5902', 0),
(1422091249, 'sara.king@example.com', 'king', 'sara', '9563 rolling green rd', 'orange', 'tasmania', '12145', 'herman', '00-0589-5957', 0),
(1422867084, 'juan.wheeler@example.com', 'wheeler', 'juan', '7194 adams st', 'wollongong', 'australian capital territory', '20723', 'knight', '05-0831-8496', 0),
(1422925721, 'darlene.herrera@example.com', 'herrera', 'darlene', '7657 w campbell ave', 'geelong', 'australian capital territory', '63297', 'heynow', '08-4762-9830', 0),
(1423291013, 'lydia.kuhn@example.com', 'kuhn', 'lydia', '4066 sunset st', 'traralgon', 'south australia', '80289', 'bongo', '04-1402-1661', 0),
(1425717789, 'clara.pierce@example.com', 'pierce', 'clara', '3286 hogan st', 'shepparton', 'south australia', '14061', 'crow', '05-8884-3192', 0),
(1425842294, 'jill.martin@example.com', 'martin', 'jill', '8835 frances ct', 'mackay', 'australian capital territory', '46629', 'kodiak', '03-4722-1587', 0),
(1426109637, 'tammy.arnold@example.com', 'arnold', 'tammy', '6461 e sandy lake rd', 'coffs harbour', 'south australia', '68225', 'book', '05-1899-4853', 0),
(1426264243, 'antonio.allen@example.com', 'allen', 'antonio', '3128 fairview st', 'launceston', 'northern territory', '54688', 'gocubs', '03-9156-2299', 0),
(1426306091, 'andre.williamson@example.com', 'williamson', 'andre', '2679 preston rd', 'rockhampton', 'queensland', '12252', 'booboo', '09-5270-7137', 0),
(1426797595, 'alfredo.castro@example.com', 'castro', 'alfredo', '4659 mcgowen st', 'orange', 'queensland', '30884', 'underwear', '08-0880-7035', 0),
(1428770221, 'morris.stone@example.com', 'stone', 'morris', '8803 hogan st', 'hervey bay', 'south australia', '86254', 'hhhhh', '03-8288-4063', 0),
(1430289310, 'virgil.andrews@example.com', 'andrews', 'virgil', '6794 college st', 'nowra', 'western australia', '77094', 'killjoy', '07-7998-2283', 0),
(1430570295, 'rita.carlson@example.com', 'carlson', 'rita', '5982 saddle dr', 'bendigo', 'western australia', '33536', 'susanne', '07-6769-4499', 0),
(1431329580, 'lily.perez@example.com', 'perez', 'lily', '3239 sunset st', 'kalgoorlie', 'victoria', '16162', '123321', '04-2469-4002', 0),
(1431490151, 'brian.neal@example.com', 'neal', 'brian', '9162 crockett st', 'tweed', 'tasmania', '31225', 'eduardo', '06-4453-6376', 0);
INSERT INTO `Users` (`UUID`, `Email`, `LastName`, `FirstName`, `StreetAddress`, `City`, `State`, `ZipCode`, `Password`, `ContactPhone`, `RoleID`) VALUES
(1432876242, 'shannon.pena@example.com', 'pena', 'shannon', '8962 photinia ave', 'kalgoorlie', 'tasmania', '19663', '1101', '01-3188-3604', 0),
(1432898925, 'stanley.mcdonalid@example.com', 'mcdonalid', 'stanley', '4720 w belt line rd', 'kalgoorlie', 'australian capital territory', '74393', 'grease', '02-7340-6214', 0),
(1433205344, 'clara.ryan@example.com', 'ryan', 'clara', '8742 locust rd', 'kalgoorlie', 'northern territory', '35766', 'maserati', '07-8478-6438', 0),
(1433751202, 'ramon.robinson@example.com', 'robinson', 'ramon', '1470 first street', 'sunshine coast', 'south australia', '94075', 'bbbb', '04-4885-6018', 0),
(1434163859, 'mathew.schmidt@example.com', 'schmidt', 'mathew', '3791 stevens creek blvd', 'ballarat', 'new south wales', '58734', 'jerome', '02-5866-1824', 0),
(1434428156, 'ronnie.wheeler@example.com', 'wheeler', 'ronnie', '4824 oak ridge ln', 'hervey bay', 'queensland', '91156', 'bull', '00-5516-2991', 0),
(1434832585, 'fernando.barnes@example.com', 'barnes', 'fernando', '8091 groveland terrace', 'hobart', 'australian capital territory', '27228', '44444', '04-6569-3907', 0),
(1437765062, 'dwayne.gregory@example.com', 'gregory', 'dwayne', '5115 pockrus page rd', 'tamworth', 'northern territory', '65792', 'beefcake', '02-5614-4667', 0);
